2026-09-15T12:51:39.956506068Z [inf]  	at org.springframework.beans.factory.support.AbstractBeanFactory.lambda$doGetBean$0(AbstractBeanFactory.java:333) ~[spring-beans-7.0.7.jar!/:7.0.7]
2026-09-15T12:51:39.957990695Z [inf]  	at org.springframework.beans.factory.support.DefaultSingletonBeanRegistry.getSingleton(DefaultSingletonBeanRegistry.java:371) ~[spring-beans-7.0.7.jar!/:7.0.7]
2026-09-15T12:51:39.957997358Z [inf]  	at org.springframework.beans.factory.support.AbstractBeanFactory.doGetBean(AbstractBeanFactory.java:331) ~[spring-beans-7.0.7.jar!/:7.0.7]
2026-09-15T12:51:39.958001382Z [inf]  	at org.springframework.beans.factory.support.AbstractBeanFactory.getBean(AbstractBeanFactory.java:196) ~[spring-beans-7.0.7.jar!/:7.0.7]
2026-09-15T12:51:39.958004981Z [inf]  	at org.springframework.beans.factory.support.DefaultListableBeanFactory.instantiateSingleton(DefaultListableBeanFactory.java:1218) ~[spring-beans-7.0.7.jar!/:7.0.7]
2026-09-15T12:51:39.958008827Z [inf]  	at org.springframework.beans.factory.support.DefaultListableBeanFactory.preInstantiateSingleton(DefaultListableBeanFactory.java:1184) ~[spring-beans-7.0.7.jar!/:7.0.7]
2026-09-15T12:51:39.958012789Z [inf]  	at org.springframework.beans.factory.support.DefaultListableBeanFactory.preInstantiateSingletons(DefaultListableBeanFactory.java:1121) ~[spring-beans-7.0.7.jar!/:7.0.7]
2026-09-15T12:51:39.958018616Z [inf]  	at org.springframework.context.support.AbstractApplicationContext.finishBeanFactoryInitialization(AbstractApplicationContext.java:994) ~[spring-context-7.0.7.jar!/:7.0.7]
2026-09-15T12:51:39.958022469Z [inf]  	at org.springframework.context.support.AbstractApplicationContext.refresh(AbstractApplicationContext.java:621) ~[spring-context-7.0.7.jar!/:7.0.7]
2026-09-15T12:51:39.958026033Z [inf]  	at org.springframework.boot.web.server.servlet.context.ServletWebServerApplicationContext.refresh(ServletWebServerApplicationContext.java:143) ~[spring-boot-web-server-4.0.6.jar!/:4.0.6]
2026-09-15T12:51:39.958029883Z [inf]  	at org.springframework.boot.SpringApplication.refresh(SpringApplication.java:756) ~[spring-boot-4.0.6.jar!/:4.0.6]
2026-09-15T12:51:39.958033571Z [inf]  	at org.springframework.boot.SpringApplication.refreshContext(SpringApplication.java:445) ~[spring-boot-4.0.6.jar!/:4.0.6]
2026-09-15T12:51:39.959139681Z [inf]  	at org.springframework.boot.SpringApplication.run(SpringApplication.java:321) ~[spring-boot-4.0.6.jar!/:4.0.6]
2026-09-15T12:51:39.959144667Z [inf]  	at org.springframework.boot.SpringApplication.run(SpringApplication.java:1365) ~[spring-boot-4.0.6.jar!/:4.0.6]
2026-09-15T12:51:39.959148141Z [inf]  	at org.springframework.boot.SpringApplication.run(SpringApplication.java:1354) ~[spring-boot-4.0.6.jar!/:4.0.6]
2026-09-15T12:51:39.959151346Z [inf]  	at com.example.meustudio.MeuStudioApplication.main(MeuStudioApplication.java:14) ~[!/:0.0.1-SNAPSHOT]
2026-09-15T12:51:39.959154676Z [inf]  	at java.base/jdk.internal.reflect.DirectMethodHandleAccessor.invoke(DirectMethodHandleAccessor.java:104) ~[na:na]
2026-09-15T12:51:39.959157704Z [inf]  	at java.base/java.lang.reflect.Method.invoke(Method.java:565) ~[na:na]
2026-09-15T12:51:39.959161287Z [inf]  	at org.springframework.boot.loader.launch.Launcher.launch(Launcher.java:106) ~[MeuStudio-0.0.1-SNAPSHOT.jar:0.0.1-SNAPSHOT]
2026-09-15T12:51:39.959164307Z [inf]  	at org.springframework.boot.loader.launch.Launcher.launch(Launcher.java:64) ~[MeuStudio-0.0.1-SNAPSHOT.jar:0.0.1-SNAPSHOT]
2026-09-15T12:51:39.959167356Z [inf]  	at org.springframework.boot.loader.launch.JarLauncher.main(JarLauncher.java:40) ~[MeuStudio-0.0.1-SNAPSHOT.jar:0.0.1-SNAPSHOT]
2026-09-15T12:51:39.959170770Z [inf]  Caused by: org.springframework.beans.factory.BeanCreationException: Error creating bean with name 'financeiroService' defined in URL [jar:nested:/app/target/MeuStudio-0.0.1-SNAPSHOT.jar/!BOOT-INF/classes/!/com/example/meustudio/financeiro/FinanceiroService.class]: Failed to instantiate [com.example.meustudio.financeiro.FinanceiroService]: No default constructor found
2026-09-15T12:51:39.959174706Z [inf]  	at org.springframework.beans.factory.support.AbstractAutowireCapableBeanFactory.instantiateBean(AbstractAutowireCapableBeanFactory.java:1344) ~[spring-beans-7.0.7.jar!/:7.0.7]
2026-09-15T12:51:39.959177699Z [inf]  	at org.springframework.beans.factory.support.AbstractAutowireCapableBeanFactory.createBeanInstance(AbstractAutowireCapableBeanFactory.java:1231) ~[spring-beans-7.0.7.jar!/:7.0.7]
2026-09-15T12:51:39.960464215Z [inf]  	at org.springframework.beans.factory.support.AbstractAutowireCapableBeanFactory.doCreateBean(AbstractAutowireCapableBeanFactory.java:565) ~[spring-beans-7.0.7.jar!/:7.0.7]
2026-09-15T12:51:39.960467744Z [inf]  	at org.springframework.beans.factory.support.AbstractAutowireCapableBeanFactory.createBean(AbstractAutowireCapableBeanFactory.java:525) ~[spring-beans-7.0.7.jar!/:7.0.7]
2026-09-15T12:51:39.960470515Z [inf]  	at org.springframework.beans.factory.support.AbstractBeanFactory.lambda$doGetBean$0(AbstractBeanFactory.java:333) ~[spring-beans-7.0.7.jar!/:7.0.7]
2026-09-15T12:51:39.960474361Z [inf]  	at org.springframework.beans.factory.support.DefaultSingletonBeanRegistry.getSingleton(DefaultSingletonBeanRegistry.java:371) ~[spring-beans-7.0.7.jar!/:7.0.7]
2026-09-15T12:51:39.960477615Z [inf]  	at org.springframework.beans.factory.support.AbstractBeanFactory.doGetBean(AbstractBeanFactory.java:331) ~[spring-beans-7.0.7.jar!/:7.0.7]
2026-09-15T12:51:39.960480687Z [inf]  	at org.springframework.beans.factory.support.AbstractBeanFactory.getBean(AbstractBeanFactory.java:201) ~[spring-beans-7.0.7.jar!/:7.0.7]
2026-09-15T12:51:39.960483453Z [inf]  	at org.springframework.beans.factory.support.DefaultListableBeanFactory.resolveBean(DefaultListableBeanFactory.java:1225) ~[spring-beans-7.0.7.jar!/:7.0.7]
2026-09-15T12:51:39.960486881Z [inf]  	at org.springframework.beans.factory.support.DefaultListableBeanFactory.doResolveDependency(DefaultListableBeanFactory.java:1704) ~[spring-beans-7.0.7.jar!/:7.0.7]
2026-09-15T12:51:39.960489833Z [inf]  	at org.springframework.beans.factory.support.DefaultListableBeanFactory.resolveDependency(DefaultListableBeanFactory.java:1651) ~[spring-beans-7.0.7.jar!/:7.0.7]
2026-09-15T12:51:39.960492652Z [inf]  	at org.springframework.beans.factory.support.ConstructorResolver.resolveAutowiredArgument(ConstructorResolver.java:912) ~[spring-beans-7.0.7.jar!/:7.0.7]
2026-09-15T12:51:39.960495301Z [inf]  	at org.springframework.beans.factory.support.ConstructorResolver.createArgumentArray(ConstructorResolver.java:791) ~[spring-beans-7.0.7.jar!/:7.0.7]
2026-09-15T12:51:39.961715233Z [inf]  	... 26 common frames omitted
2026-09-15T12:51:39.961718913Z [inf]  Caused by: org.springframework.beans.BeanInstantiationException: Failed to instantiate [com.example.meustudio.financeiro.FinanceiroService]: No default constructor found
2026-09-15T12:51:39.961721770Z [inf]  	at org.springframework.beans.factory.support.SimpleInstantiationStrategy.instantiate(SimpleInstantiationStrategy.java:102) ~[spring-beans-7.0.7.jar!/:7.0.7]
2026-09-15T12:51:39.961725302Z [inf]  	at org.springframework.beans.factory.support.AbstractAutowireCapableBeanFactory.instantiateBean(AbstractAutowireCapableBeanFactory.java:1338) ~[spring-beans-7.0.7.jar!/:7.0.7]
2026-09-15T12:51:39.961728045Z [inf]  	... 38 common frames omitted
2026-09-15T12:51:39.961730925Z [inf]  Caused by: java.lang.NoSuchMethodException: com.example.meustudio.financeiro.FinanceiroService.<init>()
2026-09-15T12:51:39.961734238Z [inf]  	at java.base/java.lang.Class.getConstructor0(Class.java:3187) ~[na:na]
2026-09-15T12:51:39.961736855Z [inf]  	at java.base/java.lang.Class.getDeclaredConstructor(Class.java:2491) ~[na:na]
2026-09-15T12:51:39.961739557Z [inf]  	at org.springframework.beans.factory.support.SimpleInstantiationStrategy.instantiate(SimpleInstantiationStrategy.java:98) ~[spring-beans-7.0.7.jar!/:7.0.7]
2026-09-15T12:51:39.961742381Z [inf]  	... 39 common frames omitted
2026-09-15T12:51:39.961744995Z [inf]  
2026-09-15T12:51:41.306475723Z [inf]  
2026-09-15T12:51:41.306483318Z [inf]    .   ____          _            __ _ _
2026-09-15T12:51:41.306487932Z [inf]   /\\ / ___'_ __ _ _(_)_ __  __ _ \ \ \ \
2026-09-15T12:51:41.306491407Z [inf]  ( ( )\___ | '_ | '_| | '_ \/ _` | \ \ \ \
2026-09-15T12:51:41.306494586Z [inf]   \\/  ___)| |_)| | | | | || (_| |  ) ) ) )
2026-09-15T12:51:41.306498526Z [inf]    '  |____| .__|_| |_|_| |_\__, | / / / /
2026-09-15T12:51:41.306502135Z [inf]   =========|_|==============|___/=/_/_/_/
2026-09-15T12:51:41.306505775Z [inf]  
2026-09-15T12:51:41.306509544Z [inf]   :: Spring Boot ::                (v4.0.6)
2026-09-15T12:51:41.306513141Z [inf]  
2026-09-15T12:51:41.383440210Z [inf]  2026-09-15T12:51:41.369Z  INFO 1 --- [MeuStudio] [           main] c.e.meustudio.MeuStudioApplication       : Starting MeuStudioApplication v0.0.1-SNAPSHOT using Java 25.0.2 with PID 1 (/app/target/MeuStudio-0.0.1-SNAPSHOT.jar started by root in /app)
2026-09-15T12:51:41.383444947Z [inf]  2026-09-15T12:51:41.372Z  INFO 1 --- [MeuStudio] [           main] c.e.meustudio.MeuStudioApplication       : No active profile set, falling back to 1 default profile: "default"
2026-09-15T12:51:42.405822762Z [inf]  2026-09-15T12:51:42.282Z  INFO 1 --- [MeuStudio] [           main] .s.d.r.c.RepositoryConfigurationDelegate : Bootstrapping Spring Data JPA repositories in DEFAULT mode.
2026-09-15T12:51:42.405830088Z [inf]  2026-09-15T12:51:42.322Z  INFO 1 --- [MeuStudio] [           main] .s.d.r.c.RepositoryConfigurationDelegate : Finished Spring Data repository scanning in 32 ms. Found 4 JPA repository interfaces.
2026-09-15T12:51:43.077070596Z [inf]  2026-09-15T12:51:42.798Z  INFO 1 --- [MeuStudio] [           main] o.s.boot.tomcat.TomcatWebServer          : Tomcat initialized with port 8080 (http)
2026-09-15T12:51:43.077074029Z [inf]  2026-09-15T12:51:42.807Z  INFO 1 --- [MeuStudio] [           main] o.apache.catalina.core.StandardService   : Starting service [Tomcat]
2026-09-15T12:51:43.077077435Z [inf]  2026-09-15T12:51:42.807Z  INFO 1 --- [MeuStudio] [           main] o.apache.catalina.core.StandardEngine    : Starting Servlet engine: [Apache Tomcat/11.0.21]
2026-09-15T12:51:43.077080539Z [inf]  2026-09-15T12:51:42.823Z  INFO 1 --- [MeuStudio] [           main] b.w.c.s.WebApplicationContextInitializer : Root WebApplicationContext: initialization completed in 1410 ms
2026-09-15T12:51:43.292558708Z [inf]  2026-09-15T12:51:43.239Z  INFO 1 --- [MeuStudio] [           main] com.zaxxer.hikari.HikariDataSource       : HikariPool-1 - Starting...
2026-09-15T12:51:43.543149245Z [inf]  2026-09-15T12:51:43.540Z  INFO 1 --- [MeuStudio] [           main] com.zaxxer.hikari.pool.HikariPool        : HikariPool-1 - Added connection org.postgresql.jdbc.PgConnection@4a4b288a
2026-09-15T12:51:43.543153887Z [inf]  2026-09-15T12:51:43.541Z  INFO 1 --- [MeuStudio] [           main] com.zaxxer.hikari.HikariDataSource       : HikariPool-1 - Start completed.
2026-09-15T12:51:43.574474647Z [inf]  2026-09-15T12:51:43.569Z  INFO 1 --- [MeuStudio] [           main] org.flywaydb.core.FlywayExecutor         : Database: jdbc:postgresql://postgres.railway.internal:5432/railway (PostgreSQL 18.6)
2026-09-15T12:51:43.650795866Z [inf]  2026-09-15T12:51:43.618Z  INFO 1 --- [MeuStudio] [           main] o.f.core.internal.command.DbValidate     : Successfully validated 10 migrations (execution time 00:00.021s)
2026-09-15T12:51:43.673935219Z [inf]  2026-09-15T12:51:43.671Z  INFO 1 --- [MeuStudio] [           main] o.f.core.internal.command.DbMigrate      : Current version of schema "public": 10
2026-09-15T12:51:43.680101259Z [inf]  2026-09-15T12:51:43.675Z  INFO 1 --- [MeuStudio] [           main] o.f.core.internal.command.DbMigrate      : Schema "public" is up to date. No migration necessary.
2026-09-15T12:51:43.757658079Z [inf]  2026-09-15T12:51:43.746Z  INFO 1 --- [MeuStudio] [           main] org.hibernate.orm.jpa                    : HHH008540: Processing PersistenceUnitInfo [name: default]
2026-09-15T12:51:44.054723490Z [inf]  2026-09-15T12:51:43.793Z  INFO 1 --- [MeuStudio] [           main] org.hibernate.orm.core                   : HHH000001: Hibernate ORM core version 7.2.12.Final
2026-09-15T12:51:44.204381250Z [inf]  2026-09-15T12:51:44.199Z  INFO 1 --- [MeuStudio] [           main] o.s.o.j.p.SpringPersistenceUnitInfo      : No LoadTimeWeaver setup: ignoring JPA class transformer
2026-09-15T12:51:44.346391002Z [inf]  2026-09-15T12:51:44.319Z  INFO 1 --- [MeuStudio] [           main] org.hibernate.orm.connections.pooling    : HHH10001005: Database info:
2026-09-15T12:51:44.346399369Z [inf]  	Database JDBC URL [jdbc:postgresql://postgres.railway.internal:5432/railway]
2026-09-15T12:51:44.346404185Z [inf]  	Database driver: PostgreSQL JDBC Driver
2026-09-15T12:51:44.346407762Z [inf]  	Database dialect: PostgreSQLDialect
2026-09-15T12:51:44.346410979Z [inf]  	Database version: 18.6
2026-09-15T12:51:44.346414656Z [inf]  	Default catalog/schema: railway/public
2026-09-15T12:51:44.346417729Z [inf]  	Autocommit mode: undefined/unknown
2026-09-15T12:51:44.346420854Z [inf]  	Isolation level: READ_COMMITTED [default READ_COMMITTED]
2026-09-15T12:51:44.346424126Z [inf]  	JDBC fetch size: none
2026-09-15T12:51:44.346427883Z [inf]  	Pool: DataSourceConnectionProvider
2026-09-15T12:51:44.346431128Z [inf]  	Minimum pool size: undefined/unknown
2026-09-15T12:51:44.346434457Z [inf]  	Maximum pool size: undefined/unknown
2026-09-15T12:51:45.081345928Z [inf]  2026-09-15T12:51:44.966Z  INFO 1 --- [MeuStudio] [           main] org.hibernate.orm.core                   : HHH000489: No JTA platform available (set 'hibernate.transaction.jta.platform' to enable JTA platform integration)
2026-09-15T12:51:45.081349638Z [inf]  2026-09-15T12:51:44.998Z  INFO 1 --- [MeuStudio] [           main] j.LocalContainerEntityManagerFactoryBean : Initialized JPA EntityManagerFactory for persistence unit 'default'
2026-09-15T12:51:45.081353296Z [inf]  2026-09-15T12:51:45.055Z  INFO 1 --- [MeuStudio] [           main] o.s.d.j.r.query.QueryEnhancerFactories   : Hibernate is in classpath; If applicable, HQL parser will be used.
2026-09-15T12:51:45.719364950Z [inf]  2026-09-15T12:51:45.630Z  WARN 1 --- [MeuStudio] [           main] ConfigServletWebServerApplicationContext : Exception encountered during context initialization - cancelling refresh attempt: org.springframework.beans.factory.UnsatisfiedDependencyException: Error creating bean with name 'financeiroController' defined in URL [jar:nested:/app/target/MeuStudio-0.0.1-SNAPSHOT.jar/!BOOT-INF/classes/!/com/example/meustudio/financeiro/FinanceiroController.class]: Unsatisfied dependency expressed through constructor parameter 0: Error creating bean with name 'financeiroService' defined in URL [jar:nested:/app/target/MeuStudio-0.0.1-SNAPSHOT.jar/!BOOT-INF/classes/!/com/example/meustudio/financeiro/FinanceiroService.class]: Failed to instantiate [com.example.meustudio.financeiro.FinanceiroService]: No default constructor found
2026-09-15T12:51:45.719368179Z [inf]  2026-09-15T12:51:45.631Z  INFO 1 --- [MeuStudio] [           main] j.LocalContainerEntityManagerFactoryBean : Closing JPA EntityManagerFactory for persistence unit 'default'
2026-09-15T12:51:45.719371521Z [inf]  2026-09-15T12:51:45.632Z  INFO 1 --- [MeuStudio] [           main] com.zaxxer.hikari.HikariDataSource       : HikariPool-1 - Shutdown initiated...
2026-09-15T12:51:45.719375317Z [inf]  2026-09-15T12:51:45.649Z  INFO 1 --- [MeuStudio] [           main] com.zaxxer.hikari.HikariDataSource       : HikariPool-1 - Shutdown completed.
2026-09-15T12:51:45.719378497Z [inf]  2026-09-15T12:51:45.651Z  INFO 1 --- [MeuStudio] [           main] o.apache.catalina.core.StandardService   : Stopping service [Tomcat]
2026-09-15T12:51:45.719381463Z [inf]  2026-09-15T12:51:45.659Z  INFO 1 --- [MeuStudio] [           main] .s.b.a.l.ConditionEvaluationReportLogger : 
2026-09-15T12:51:45.719384848Z [inf]  
2026-09-15T12:51:45.719387425Z [inf]  Error starting ApplicationContext. To display the condition evaluation report re-run your application with 'debug' enabled.
2026-09-15T12:51:45.719390263Z [inf]  2026-09-15T12:51:45.669Z ERROR 1 --- [MeuStudio] [           main] o.s.boot.SpringApplication               : Application run failed
2026-09-15T12:51:45.720666646Z [inf]  
2026-09-15T12:51:45.720671628Z [inf]  org.springframework.beans.factory.UnsatisfiedDependencyException: Error creating bean with name 'financeiroController' defined in URL [jar:nested:/app/target/MeuStudio-0.0.1-SNAPSHOT.jar/!BOOT-INF/classes/!/com/example/meustudio/financeiro/FinanceiroController.class]: Unsatisfied dependency expressed through constructor parameter 0: Error creating bean with name 'financeiroService' defined in URL [jar:nested:/app/target/MeuStudio-0.0.1-SNAPSHOT.jar/!BOOT-INF/classes/!/com/example/meustudio/financeiro/FinanceiroService.class]: Failed to instantiate [com.example.meustudio.financeiro.FinanceiroService]: No default constructor found
2026-09-15T12:51:45.720674674Z [inf]  	at org.springframework.beans.factory.support.ConstructorResolver.createArgumentArray(ConstructorResolver.java:804) ~[spring-beans-7.0.7.jar!/:7.0.7]
2026-09-15T12:51:45.720677518Z [inf]  	at org.springframework.beans.factory.support.ConstructorResolver.autowireConstructor(ConstructorResolver.java:240) ~[spring-beans-7.0.7.jar!/:7.0.7]
2026-09-15T12:51:45.720681158Z [inf]  	at org.springframework.beans.factory.support.AbstractAutowireCapableBeanFactory.autowireConstructor(AbstractAutowireCapableBeanFactory.java:1382) ~[spring-beans-7.0.7.jar!/:7.0.7]
2026-09-15T12:51:45.720683935Z [inf]  	at org.springframework.beans.factory.support.AbstractAutowireCapableBeanFactory.createBeanInstance(AbstractAutowireCapableBeanFactory.java:1221) ~[spring-beans-7.0.7.jar!/:7.0.7]
2026-09-15T12:51:45.720686607Z [inf]  	at org.springframework.beans.factory.support.AbstractAutowireCapableBeanFactory.doCreateBean(AbstractAutowireCapableBeanFactory.java:565) ~[spring-beans-7.0.7.jar!/:7.0.7]
2026-09-15T12:51:45.720689291Z [inf]  	at org.springframework.beans.factory.support.AbstractAutowireCapableBeanFactory.createBean(AbstractAutowireCapableBeanFactory.java:525) ~[spring-beans-7.0.7.jar!/:7.0.7]
2026-09-15T12:51:45.720691947Z [inf]  	at org.springframework.beans.factory.support.AbstractBeanFactory.lambda$doGetBean$0(AbstractBeanFactory.java:333) ~[spring-beans-7.0.7.jar!/:7.0.7]
2026-09-15T12:51:45.721933443Z [inf]  	at org.springframework.beans.factory.support.DefaultSingletonBeanRegistry.getSingleton(DefaultSingletonBeanRegistry.java:371) ~[spring-beans-7.0.7.jar!/:7.0.7]
2026-09-15T12:51:45.721938471Z [inf]  	at org.springframework.beans.factory.support.AbstractBeanFactory.doGetBean(AbstractBeanFactory.java:331) ~[spring-beans-7.0.7.jar!/:7.0.7]
2026-09-15T12:51:45.721942917Z [inf]  	at org.springframework.beans.factory.support.AbstractBeanFactory.getBean(AbstractBeanFactory.java:196) ~[spring-beans-7.0.7.jar!/:7.0.7]
2026-09-15T12:51:45.721946146Z [inf]  	at org.springframework.beans.factory.support.DefaultListableBeanFactory.instantiateSingleton(DefaultListableBeanFactory.java:1218) ~[spring-beans-7.0.7.jar!/:7.0.7]
2026-09-15T12:51:45.721949080Z [inf]  	at org.springframework.beans.factory.support.DefaultListableBeanFactory.preInstantiateSingleton(DefaultListableBeanFactory.java:1184) ~[spring-beans-7.0.7.jar!/:7.0.7]
2026-09-15T12:51:45.721951979Z [inf]  	at org.springframework.beans.factory.support.DefaultListableBeanFactory.preInstantiateSingletons(DefaultListableBeanFactory.java:1121) ~[spring-beans-7.0.7.jar!/:7.0.7]
2026-09-15T12:51:45.721955540Z [inf]  	at org.springframework.context.support.AbstractApplicationContext.finishBeanFactoryInitialization(AbstractApplicationContext.java:994) ~[spring-context-7.0.7.jar!/:7.0.7]
2026-09-15T12:51:45.721958743Z [inf]  	at org.springframework.context.support.AbstractApplicationContext.refresh(AbstractApplicationContext.java:621) ~[spring-context-7.0.7.jar!/:7.0.7]
2026-09-15T12:51:45.721962031Z [inf]  	at org.springframework.boot.web.server.servlet.context.ServletWebServerApplicationContext.refresh(ServletWebServerApplicationContext.java:143) ~[spring-boot-web-server-4.0.6.jar!/:4.0.6]
2026-09-15T12:51:45.721965503Z [inf]  	at org.springframework.boot.SpringApplication.refresh(SpringApplication.java:756) ~[spring-boot-4.0.6.jar!/:4.0.6]
2026-09-15T12:51:45.721969111Z [inf]  	at org.springframework.boot.SpringApplication.refreshContext(SpringApplication.java:445) ~[spring-boot-4.0.6.jar!/:4.0.6]
2026-09-15T12:51:45.723289946Z [inf]  	at org.springframework.boot.SpringApplication.run(SpringApplication.java:321) ~[spring-boot-4.0.6.jar!/:4.0.6]
2026-09-15T12:51:45.723296837Z [inf]  	at org.springframework.boot.SpringApplication.run(SpringApplication.java:1365) ~[spring-boot-4.0.6.jar!/:4.0.6]
2026-09-15T12:51:45.723301087Z [inf]  	at org.springframework.boot.SpringApplication.run(SpringApplication.java:1354) ~[spring-boot-4.0.6.jar!/:4.0.6]
2026-09-15T12:51:45.723305094Z [inf]  	at com.example.meustudio.MeuStudioApplication.main(MeuStudioApplication.java:14) ~[!/:0.0.1-SNAPSHOT]
2026-09-15T12:51:45.723309403Z [inf]  	at java.base/jdk.internal.reflect.DirectMethodHandleAccessor.invoke(DirectMethodHandleAccessor.java:104) ~[na:na]
2026-09-15T12:51:45.723314508Z [inf]  	at java.base/java.lang.reflect.Method.invoke(Method.java:565) ~[na:na]
2026-09-15T12:51:45.723319022Z [inf]  	at org.springframework.boot.loader.launch.Launcher.launch(Launcher.java:106) ~[MeuStudio-0.0.1-SNAPSHOT.jar:0.0.1-SNAPSHOT]
2026-09-15T12:51:45.723323410Z [inf]  	at org.springframework.boot.loader.launch.Launcher.launch(Launcher.java:64) ~[MeuStudio-0.0.1-SNAPSHOT.jar:0.0.1-SNAPSHOT]
2026-09-15T12:51:45.723328391Z [inf]  	at org.springframework.boot.loader.launch.JarLauncher.main(JarLauncher.java:40) ~[MeuStudio-0.0.1-SNAPSHOT.jar:0.0.1-SNAPSHOT]
2026-09-15T12:51:45.723332243Z [inf]  Caused by: org.springframework.beans.factory.BeanCreationException: Error creating bean with name 'financeiroService' defined in URL [jar:nested:/app/target/MeuStudio-0.0.1-SNAPSHOT.jar/!BOOT-INF/classes/!/com/example/meustudio/financeiro/FinanceiroService.class]: Failed to instantiate [com.example.meustudio.financeiro.FinanceiroService]: No default constructor found
2026-09-15T12:51:45.723335865Z [inf]  	at org.springframework.beans.factory.support.AbstractAutowireCapableBeanFactory.instantiateBean(AbstractAutowireCapableBeanFactory.java:1344) ~[spring-beans-7.0.7.jar!/:7.0.7]
2026-09-15T12:51:45.723339437Z [inf]  	at org.springframework.beans.factory.support.AbstractAutowireCapableBeanFactory.createBeanInstance(AbstractAutowireCapableBeanFactory.java:1231) ~[spring-beans-7.0.7.jar!/:7.0.7]
2026-09-15T12:51:45.724656357Z [inf]  	at org.springframework.beans.factory.support.AbstractAutowireCapableBeanFactory.doCreateBean(AbstractAutowireCapableBeanFactory.java:565) ~[spring-beans-7.0.7.jar!/:7.0.7]
2026-09-15T12:51:45.724662519Z [inf]  	at org.springframework.beans.factory.support.AbstractAutowireCapableBeanFactory.createBean(AbstractAutowireCapableBeanFactory.java:525) ~[spring-beans-7.0.7.jar!/:7.0.7]
2026-09-15T12:51:45.724667085Z [inf]  	at org.springframework.beans.factory.support.AbstractBeanFactory.lambda$doGetBean$0(AbstractBeanFactory.java:333) ~[spring-beans-7.0.7.jar!/:7.0.7]
2026-09-15T12:51:45.724671820Z [inf]  	at org.springframework.beans.factory.support.DefaultSingletonBeanRegistry.getSingleton(DefaultSingletonBeanRegistry.java:371) ~[spring-beans-7.0.7.jar!/:7.0.7]
2026-09-15T12:51:45.724676619Z [inf]  	at org.springframework.beans.factory.support.AbstractBeanFactory.doGetBean(AbstractBeanFactory.java:331) ~[spring-beans-7.0.7.jar!/:7.0.7]
2026-09-15T12:51:45.724680667Z [inf]  	at org.springframework.beans.factory.support.AbstractBeanFactory.getBean(AbstractBeanFactory.java:201) ~[spring-beans-7.0.7.jar!/:7.0.7]
2026-09-15T12:51:45.724684440Z [inf]  	at org.springframework.beans.factory.support.DefaultListableBeanFactory.resolveBean(DefaultListableBeanFactory.java:1225) ~[spring-beans-7.0.7.jar!/:7.0.7]
2026-09-15T12:51:45.724698991Z [inf]  	at org.springframework.beans.factory.support.DefaultListableBeanFactory.doResolveDependency(DefaultListableBeanFactory.java:1704) ~[spring-beans-7.0.7.jar!/:7.0.7]
2026-09-15T12:51:45.724703767Z [inf]  	at org.springframework.beans.factory.support.DefaultListableBeanFactory.resolveDependency(DefaultListableBeanFactory.java:1651) ~[spring-beans-7.0.7.jar!/:7.0.7]
2026-09-15T12:51:45.724709146Z [inf]  	at org.springframework.beans.factory.support.ConstructorResolver.resolveAutowiredArgument(ConstructorResolver.java:912) ~[spring-beans-7.0.7.jar!/:7.0.7]
2026-09-15T12:51:45.724713717Z [inf]  	at org.springframework.beans.factory.support.ConstructorResolver.createArgumentArray(ConstructorResolver.java:791) ~[spring-beans-7.0.7.jar!/:7.0.7]
2026-09-15T12:51:45.725931804Z [inf]  	... 26 common frames omitted
2026-09-15T12:51:45.725938166Z [inf]  Caused by: org.springframework.beans.BeanInstantiationException: Failed to instantiate [com.example.meustudio.financeiro.FinanceiroService]: No default constructor found
2026-09-15T12:51:45.725942881Z [inf]  	at org.springframework.beans.factory.support.SimpleInstantiationStrategy.instantiate(SimpleInstantiationStrategy.java:102) ~[spring-beans-7.0.7.jar!/:7.0.7]
2026-09-15T12:51:45.725946570Z [inf]  	at org.springframework.beans.factory.support.AbstractAutowireCapableBeanFactory.instantiateBean(AbstractAutowireCapableBeanFactory.java:1338) ~[spring-beans-7.0.7.jar!/:7.0.7]
2026-09-15T12:51:45.725952300Z [inf]  	... 38 common frames omitted
2026-09-15T12:51:45.725956265Z [inf]  Caused by: java.lang.NoSuchMethodException: com.example.meustudio.financeiro.FinanceiroService.<init>()
2026-09-15T12:51:45.725960058Z [inf]  	at java.base/java.lang.Class.getConstructor0(Class.java:3187) ~[na:na]
2026-09-15T12:51:45.725963735Z [inf]  	at java.base/java.lang.Class.getDeclaredConstructor(Class.java:2491) ~[na:na]
2026-09-15T12:51:45.725968000Z [inf]  	at org.springframework.beans.factory.support.SimpleInstantiationStrategy.instantiate(SimpleInstantiationStrategy.java:98) ~[spring-beans-7.0.7.jar!/:7.0.7]
2026-09-15T12:51:45.725971926Z [inf]  	... 39 common frames omitted
2026-09-15T12:51:45.725975844Z [inf]  
2026-09-15T12:51:47.249278340Z [inf]  
2026-09-15T12:51:47.249287447Z [inf]    .   ____          _            __ _ _
2026-09-15T12:51:47.249292743Z [inf]   /\\ / ___'_ __ _ _(_)_ __  __ _ \ \ \ \
2026-09-15T12:51:47.249299131Z [inf]  ( ( )\___ | '_ | '_| | '_ \/ _` | \ \ \ \
2026-09-15T12:51:47.249304898Z [inf]   \\/  ___)| |_)| | | | | || (_| |  ) ) ) )
2026-09-15T12:51:47.249309884Z [inf]    '  |____| .__|_| |_|_| |_\__, | / / / /
2026-09-15T12:51:47.249314399Z [inf]   =========|_|==============|___/=/_/_/_/
2026-09-15T12:51:47.249322250Z [inf]  
2026-09-15T12:51:47.249327030Z [inf]   :: Spring Boot ::                (v4.0.6)
2026-09-15T12:51:47.249331279Z [inf]  
2026-09-15T12:51:47.324669623Z [inf]  2026-09-15T12:51:47.311Z  INFO 1 --- [MeuStudio] [           main] c.e.meustudio.MeuStudioApplication       : Starting MeuStudioApplication v0.0.1-SNAPSHOT using Java 25.0.2 with PID 1 (/app/target/MeuStudio-0.0.1-SNAPSHOT.jar started by root in /app)
2026-09-15T12:51:47.324675292Z [inf]  2026-09-15T12:51:47.314Z  INFO 1 --- [MeuStudio] [           main] c.e.meustudio.MeuStudioApplication       : No active profile set, falling back to 1 default profile: "default"
2026-09-15T12:51:48.261654685Z [inf]  2026-09-15T12:51:48.251Z  INFO 1 --- [MeuStudio] [           main] .s.d.r.c.RepositoryConfigurationDelegate : Bootstrapping Spring Data JPA repositories in DEFAULT mode.
2026-09-15T12:51:48.296009470Z [inf]  2026-09-15T12:51:48.293Z  INFO 1 --- [MeuStudio] [           main] .s.d.r.c.RepositoryConfigurationDelegate : Finished Spring Data repository scanning in 35 ms. Found 4 JPA repository interfaces.
2026-09-15T12:51:48.770761722Z [inf]  2026-09-15T12:51:48.761Z  INFO 1 --- [MeuStudio] [           main] o.s.boot.tomcat.TomcatWebServer          : Tomcat initialized with port 8080 (http)
2026-09-15T12:51:48.770766876Z [inf]  2026-09-15T12:51:48.770Z  INFO 1 --- [MeuStudio] [           main] o.apache.catalina.core.StandardService   : Starting service [Tomcat]
2026-09-15T12:51:48.770769758Z [inf]  2026-09-15T12:51:48.770Z  INFO 1 --- [MeuStudio] [           main] o.apache.catalina.core.StandardEngine    : Starting Servlet engine: [Apache Tomcat/11.0.21]
2026-09-15T12:51:48.794222482Z [inf]  2026-09-15T12:51:48.788Z  INFO 1 --- [MeuStudio] [           main] b.w.c.s.WebApplicationContextInitializer : Root WebApplicationContext: initialization completed in 1421 ms
2026-09-15T12:51:49.354291389Z [inf]  2026-09-15T12:51:49.194Z  INFO 1 --- [MeuStudio] [           main] com.zaxxer.hikari.HikariDataSource       : HikariPool-1 - Starting...
2026-09-15T12:51:49.574980109Z [inf]  2026-09-15T12:51:49.512Z  INFO 1 --- [MeuStudio] [           main] com.zaxxer.hikari.pool.HikariPool        : HikariPool-1 - Added connection org.postgresql.jdbc.PgConnection@4a4b288a
2026-09-15T12:51:49.574985298Z [inf]  2026-09-15T12:51:49.513Z  INFO 1 --- [MeuStudio] [           main] com.zaxxer.hikari.HikariDataSource       : HikariPool-1 - Start completed.
2026-09-15T12:51:49.574993291Z [inf]  2026-09-15T12:51:49.537Z  INFO 1 --- [MeuStudio] [           main] org.flywaydb.core.FlywayExecutor         : Database: jdbc:postgresql://postgres.railway.internal:5432/railway (PostgreSQL 18.6)
2026-09-15T12:51:49.598060781Z [inf]  2026-09-15T12:51:49.592Z  INFO 1 --- [MeuStudio] [           main] o.f.core.internal.command.DbValidate     : Successfully validated 10 migrations (execution time 00:00.026s)
2026-09-15T12:51:49.681459159Z [inf]  2026-09-15T12:51:49.672Z  INFO 1 --- [MeuStudio] [           main] o.f.core.internal.command.DbMigrate      : Current version of schema "public": 10
2026-09-15T12:51:49.681463792Z [inf]  2026-09-15T12:51:49.676Z  INFO 1 --- [MeuStudio] [           main] o.f.core.internal.command.DbMigrate      : Schema "public" is up to date. No migration necessary.
2026-09-15T12:51:49.823277693Z [inf]  2026-09-15T12:51:49.762Z  INFO 1 --- [MeuStudio] [           main] org.hibernate.orm.jpa                    : HHH008540: Processing PersistenceUnitInfo [name: default]
2026-09-15T12:51:49.823289579Z [inf]  2026-09-15T12:51:49.799Z  INFO 1 --- [MeuStudio] [           main] org.hibernate.orm.core                   : HHH000001: Hibernate ORM core version 7.2.12.Final
2026-09-15T12:51:50.352301095Z [inf]  	Pool: DataSourceConnectionProvider
2026-09-15T12:51:50.352309581Z [inf]  	Minimum pool size: undefined/unknown
2026-09-15T12:51:50.352312713Z [inf]  2026-09-15T12:51:50.183Z  INFO 1 --- [MeuStudio] [           main] o.s.o.j.p.SpringPersistenceUnitInfo      : No LoadTimeWeaver setup: ignoring JPA class transformer
2026-09-15T12:51:50.352315456Z [inf]  	Maximum pool size: undefined/unknown
2026-09-15T12:51:50.352317380Z [inf]  2026-09-15T12:51:50.311Z  INFO 1 --- [MeuStudio] [           main] org.hibernate.orm.connections.pooling    : HHH10001005: Database info:
2026-09-15T12:51:50.352320273Z [inf]  	Database JDBC URL [jdbc:postgresql://postgres.railway.internal:5432/railway]
2026-09-15T12:51:50.352322930Z [inf]  	Database driver: PostgreSQL JDBC Driver
2026-09-15T12:51:50.352325710Z [inf]  	Database dialect: PostgreSQLDialect
2026-09-15T12:51:50.352328432Z [inf]  	Database version: 18.6
2026-09-15T12:51:50.352331413Z [inf]  	Default catalog/schema: railway/public
2026-09-15T12:51:50.352334208Z [inf]  	Autocommit mode: undefined/unknown
2026-09-15T12:51:50.352338476Z [inf]  	Isolation level: READ_COMMITTED [default READ_COMMITTED]
2026-09-15T12:51:50.352341110Z [inf]  	JDBC fetch size: none
2026-09-15T12:51:50.945314299Z [inf]  2026-09-15T12:51:50.941Z  INFO 1 --- [MeuStudio] [           main] org.hibernate.orm.core                   : HHH000489: No JTA platform available (set 'hibernate.transaction.jta.platform' to enable JTA platform integration)
2026-09-15T12:51:50.986156973Z [inf]  2026-09-15T12:51:50.972Z  INFO 1 --- [MeuStudio] [           main] j.LocalContainerEntityManagerFactoryBean : Initialized JPA EntityManagerFactory for persistence unit 'default'
2026-09-15T12:51:51.062012463Z [inf]  2026-09-15T12:51:51.027Z  INFO 1 --- [MeuStudio] [           main] o.s.d.j.r.query.QueryEnhancerFactories   : Hibernate is in classpath; If applicable, HQL parser will be used.
2026-09-15T12:51:51.686667390Z [inf]  2026-09-15T12:51:51.650Z  WARN 1 --- [MeuStudio] [           main] ConfigServletWebServerApplicationContext : Exception encountered during context initialization - cancelling refresh attempt: org.springframework.beans.factory.UnsatisfiedDependencyException: Error creating bean with name 'financeiroController' defined in URL [jar:nested:/app/target/MeuStudio-0.0.1-SNAPSHOT.jar/!BOOT-INF/classes/!/com/example/meustudio/financeiro/FinanceiroController.class]: Unsatisfied dependency expressed through constructor parameter 0: Error creating bean with name 'financeiroService' defined in URL [jar:nested:/app/target/MeuStudio-0.0.1-SNAPSHOT.jar/!BOOT-INF/classes/!/com/example/meustudio/financeiro/FinanceiroService.class]: Failed to instantiate [com.example.meustudio.financeiro.FinanceiroService]: No default constructor found
2026-09-15T12:51:51.686670667Z [inf]  2026-09-15T12:51:51.650Z  INFO 1 --- [MeuStudio] [           main] j.LocalContainerEntityManagerFactoryBean : Closing JPA EntityManagerFactory for persistence unit 'default'
2026-09-15T12:51:51.686673461Z [inf]  2026-09-15T12:51:51.652Z  INFO 1 --- [MeuStudio] [           main] com.zaxxer.hikari.HikariDataSource       : HikariPool-1 - Shutdown initiated...
2026-09-15T12:51:51.686676389Z [inf]  2026-09-15T12:51:51.664Z  INFO 1 --- [MeuStudio] [           main] com.zaxxer.hikari.HikariDataSource       : HikariPool-1 - Shutdown completed.
2026-09-15T12:51:51.686679115Z [inf]  2026-09-15T12:51:51.666Z  INFO 1 --- [MeuStudio] [           main] o.apache.catalina.core.StandardService   : Stopping service [Tomcat]
2026-09-15T12:51:51.686682012Z [inf]  2026-09-15T12:51:51.672Z  INFO 1 --- [MeuStudio] [           main] .s.b.a.l.ConditionEvaluationReportLogger : 
2026-09-15T12:51:51.686684758Z [inf]  
2026-09-15T12:51:51.686688460Z [inf]  Error starting ApplicationContext. To display the condition evaluation report re-run your application with 'debug' enabled.
2026-09-15T12:51:51.686691196Z [inf]  2026-09-15T12:51:51.681Z ERROR 1 --- [MeuStudio] [           main] o.s.boot.SpringApplication               : Application run failed
2026-09-15T12:51:51.687660881Z [inf]  	at org.springframework.beans.factory.support.AbstractAutowireCapableBeanFactory.createBean(AbstractAutowireCapableBeanFactory.java:525) ~[spring-beans-7.0.7.jar!/:7.0.7]
2026-09-15T12:51:51.687664652Z [inf]  	at org.springframework.beans.factory.support.AbstractBeanFactory.lambda$doGetBean$0(AbstractBeanFactory.java:333) ~[spring-beans-7.0.7.jar!/:7.0.7]
2026-09-15T12:51:51.687691124Z [inf]  
2026-09-15T12:51:51.687704577Z [inf]  org.springframework.beans.factory.UnsatisfiedDependencyException: Error creating bean with name 'financeiroController' defined in URL [jar:nested:/app/target/MeuStudio-0.0.1-SNAPSHOT.jar/!BOOT-INF/classes/!/com/example/meustudio/financeiro/FinanceiroController.class]: Unsatisfied dependency expressed through constructor parameter 0: Error creating bean with name 'financeiroService' defined in URL [jar:nested:/app/target/MeuStudio-0.0.1-SNAPSHOT.jar/!BOOT-INF/classes/!/com/example/meustudio/financeiro/FinanceiroService.class]: Failed to instantiate [com.example.meustudio.financeiro.FinanceiroService]: No default constructor found
2026-09-15T12:51:51.687710834Z [inf]  	at org.springframework.beans.factory.support.ConstructorResolver.createArgumentArray(ConstructorResolver.java:804) ~[spring-beans-7.0.7.jar!/:7.0.7]
2026-09-15T12:51:51.687716334Z [inf]  	at org.springframework.beans.factory.support.ConstructorResolver.autowireConstructor(ConstructorResolver.java:240) ~[spring-beans-7.0.7.jar!/:7.0.7]
2026-09-15T12:51:51.687721628Z [inf]  	at org.springframework.beans.factory.support.AbstractAutowireCapableBeanFactory.autowireConstructor(AbstractAutowireCapableBeanFactory.java:1382) ~[spring-beans-7.0.7.jar!/:7.0.7]
2026-09-15T12:51:51.687727107Z [inf]  	at org.springframework.beans.factory.support.AbstractAutowireCapableBeanFactory.createBeanInstance(AbstractAutowireCapableBeanFactory.java:1221) ~[spring-beans-7.0.7.jar!/:7.0.7]
2026-09-15T12:51:51.687731857Z [inf]  	at org.springframework.beans.factory.support.AbstractAutowireCapableBeanFactory.doCreateBean(AbstractAutowireCapableBeanFactory.java:565) ~[spring-beans-7.0.7.jar!/:7.0.7]
2026-09-15T12:51:51.689027771Z [inf]  	at org.springframework.beans.factory.support.DefaultSingletonBeanRegistry.getSingleton(DefaultSingletonBeanRegistry.java:371) ~[spring-beans-7.0.7.jar!/:7.0.7]
2026-09-15T12:51:51.689034587Z [inf]  	at org.springframework.beans.factory.support.AbstractBeanFactory.doGetBean(AbstractBeanFactory.java:331) ~[spring-beans-7.0.7.jar!/:7.0.7]
2026-09-15T12:51:51.689039136Z [inf]  	at org.springframework.beans.factory.support.AbstractBeanFactory.getBean(AbstractBeanFactory.java:196) ~[spring-beans-7.0.7.jar!/:7.0.7]
2026-09-15T12:51:51.689043291Z [inf]  	at org.springframework.beans.factory.support.DefaultListableBeanFactory.instantiateSingleton(DefaultListableBeanFactory.java:1218) ~[spring-beans-7.0.7.jar!/:7.0.7]
2026-09-15T12:51:51.689046818Z [inf]  	at org.springframework.beans.factory.support.DefaultListableBeanFactory.preInstantiateSingleton(DefaultListableBeanFactory.java:1184) ~[spring-beans-7.0.7.jar!/:7.0.7]
2026-09-15T12:51:51.689050551Z [inf]  	at org.springframework.beans.factory.support.DefaultListableBeanFactory.preInstantiateSingletons(DefaultListableBeanFactory.java:1121) ~[spring-beans-7.0.7.jar!/:7.0.7]
2026-09-15T12:51:51.689054668Z [inf]  	at org.springframework.context.support.AbstractApplicationContext.finishBeanFactoryInitialization(AbstractApplicationContext.java:994) ~[spring-context-7.0.7.jar!/:7.0.7]
2026-09-15T12:51:51.689058846Z [inf]  	at org.springframework.context.support.AbstractApplicationContext.refresh(AbstractApplicationContext.java:621) ~[spring-context-7.0.7.jar!/:7.0.7]
2026-09-15T12:51:51.689063159Z [inf]  	at org.springframework.boot.web.server.servlet.context.ServletWebServerApplicationContext.refresh(ServletWebServerApplicationContext.java:143) ~[spring-boot-web-server-4.0.6.jar!/:4.0.6]
2026-09-15T12:51:51.689067699Z [inf]  	at org.springframework.boot.SpringApplication.refresh(SpringApplication.java:756) ~[spring-boot-4.0.6.jar!/:4.0.6]
2026-09-15T12:51:51.689071479Z [inf]  	at org.springframework.boot.SpringApplication.refreshContext(SpringApplication.java:445) ~[spring-boot-4.0.6.jar!/:4.0.6]
2026-09-15T12:51:51.690374020Z [inf]  	at org.springframework.boot.SpringApplication.run(SpringApplication.java:321) ~[spring-boot-4.0.6.jar!/:4.0.6]
2026-09-15T12:51:51.690378939Z [inf]  	at org.springframework.boot.SpringApplication.run(SpringApplication.java:1365) ~[spring-boot-4.0.6.jar!/:4.0.6]
2026-09-15T12:51:51.690384995Z [inf]  	at org.springframework.boot.SpringApplication.run(SpringApplication.java:1354) ~[spring-boot-4.0.6.jar!/:4.0.6]
2026-09-15T12:51:51.690387701Z [inf]  	at com.example.meustudio.MeuStudioApplication.main(MeuStudioApplication.java:14) ~[!/:0.0.1-SNAPSHOT]
2026-09-15T12:51:51.690390449Z [inf]  	at java.base/jdk.internal.reflect.DirectMethodHandleAccessor.invoke(DirectMethodHandleAccessor.java:104) ~[na:na]
2026-09-15T12:51:51.690393125Z [inf]  	at java.base/java.lang.reflect.Method.invoke(Method.java:565) ~[na:na]
2026-09-15T12:51:51.690395747Z [inf]  	at org.springframework.boot.loader.launch.Launcher.launch(Launcher.java:106) ~[MeuStudio-0.0.1-SNAPSHOT.jar:0.0.1-SNAPSHOT]
2026-09-15T12:51:51.690398610Z [inf]  	at org.springframework.boot.loader.launch.Launcher.launch(Launcher.java:64) ~[MeuStudio-0.0.1-SNAPSHOT.jar:0.0.1-SNAPSHOT]
2026-09-15T12:51:51.690401728Z [inf]  	at org.springframework.boot.loader.launch.JarLauncher.main(JarLauncher.java:40) ~[MeuStudio-0.0.1-SNAPSHOT.jar:0.0.1-SNAPSHOT]
2026-09-15T12:51:51.690404556Z [inf]  Caused by: org.springframework.beans.factory.BeanCreationException: Error creating bean with name 'financeiroService' defined in URL [jar:nested:/app/target/MeuStudio-0.0.1-SNAPSHOT.jar/!BOOT-INF/classes/!/com/example/meustudio/financeiro/FinanceiroService.class]: Failed to instantiate [com.example.meustudio.financeiro.FinanceiroService]: No default constructor found
2026-09-15T12:51:51.690407741Z [inf]  	at org.springframework.beans.factory.support.AbstractAutowireCapableBeanFactory.instantiateBean(AbstractAutowireCapableBeanFactory.java:1344) ~[spring-beans-7.0.7.jar!/:7.0.7]
2026-09-15T12:51:51.690410353Z [inf]  	at org.springframework.beans.factory.support.AbstractAutowireCapableBeanFactory.createBeanInstance(AbstractAutowireCapableBeanFactory.java:1231) ~[spring-beans-7.0.7.jar!/:7.0.7]
2026-09-15T12:51:51.691564028Z [inf]  	at org.springframework.beans.factory.support.AbstractAutowireCapableBeanFactory.doCreateBean(AbstractAutowireCapableBeanFactory.java:565) ~[spring-beans-7.0.7.jar!/:7.0.7]
2026-09-15T12:51:51.691570636Z [inf]  	at org.springframework.beans.factory.support.AbstractAutowireCapableBeanFactory.createBean(AbstractAutowireCapableBeanFactory.java:525) ~[spring-beans-7.0.7.jar!/:7.0.7]
2026-09-15T12:51:51.691577590Z [inf]  	at org.springframework.beans.factory.support.AbstractBeanFactory.lambda$doGetBean$0(AbstractBeanFactory.java:333) ~[spring-beans-7.0.7.jar!/:7.0.7]
2026-09-15T12:51:51.691580928Z [inf]  	at org.springframework.beans.factory.support.DefaultSingletonBeanRegistry.getSingleton(DefaultSingletonBeanRegistry.java:371) ~[spring-beans-7.0.7.jar!/:7.0.7]
2026-09-15T12:51:51.691584164Z [inf]  	at org.springframework.beans.factory.support.AbstractBeanFactory.doGetBean(AbstractBeanFactory.java:331) ~[spring-beans-7.0.7.jar!/:7.0.7]
2026-09-15T12:51:51.691588005Z [inf]  	at org.springframework.beans.factory.support.AbstractBeanFactory.getBean(AbstractBeanFactory.java:201) ~[spring-beans-7.0.7.jar!/:7.0.7]
2026-09-15T12:51:51.691592004Z [inf]  	at org.springframework.beans.factory.support.DefaultListableBeanFactory.resolveBean(DefaultListableBeanFactory.java:1225) ~[spring-beans-7.0.7.jar!/:7.0.7]
2026-09-15T12:51:51.691596455Z [inf]  	at org.springframework.beans.factory.support.DefaultListableBeanFactory.doResolveDependency(DefaultListableBeanFactory.java:1704) ~[spring-beans-7.0.7.jar!/:7.0.7]
2026-09-15T12:51:51.691601476Z [inf]  	at org.springframework.beans.factory.support.DefaultListableBeanFactory.resolveDependency(DefaultListableBeanFactory.java:1651) ~[spring-beans-7.0.7.jar!/:7.0.7]
2026-09-15T12:51:51.691606403Z [inf]  	at org.springframework.beans.factory.support.ConstructorResolver.resolveAutowiredArgument(ConstructorResolver.java:912) ~[spring-beans-7.0.7.jar!/:7.0.7]
2026-09-15T12:51:51.691611341Z [inf]  	at org.springframework.beans.factory.support.ConstructorResolver.createArgumentArray(ConstructorResolver.java:791) ~[spring-beans-7.0.7.jar!/:7.0.7]
2026-09-15T12:51:51.692621502Z [inf]  	... 26 common frames omitted
2026-09-15T12:51:51.692626074Z [inf]  Caused by: org.springframework.beans.BeanInstantiationException: Failed to instantiate [com.example.meustudio.financeiro.FinanceiroService]: No default constructor found
2026-09-15T12:51:51.692629330Z [inf]  	at org.springframework.beans.factory.support.SimpleInstantiationStrategy.instantiate(SimpleInstantiationStrategy.java:102) ~[spring-beans-7.0.7.jar!/:7.0.7]
2026-09-15T12:51:51.692632301Z [inf]  	at org.springframework.beans.factory.support.AbstractAutowireCapableBeanFactory.instantiateBean(AbstractAutowireCapableBeanFactory.java:1338) ~[spring-beans-7.0.7.jar!/:7.0.7]
2026-09-15T12:51:51.692635649Z [inf]  	... 38 common frames omitted
2026-09-15T12:51:51.692638420Z [inf]  Caused by: java.lang.NoSuchMethodException: com.example.meustudio.financeiro.FinanceiroService.<init>()
2026-09-15T12:51:51.692644922Z [inf]  	at java.base/java.lang.Class.getConstructor0(Class.java:3187) ~[na:na]
2026-09-15T12:51:51.692647824Z [inf]  	at java.base/java.lang.Class.getDeclaredConstructor(Class.java:2491) ~[na:na]
2026-09-15T12:51:51.692650532Z [inf]  	at org.springframework.beans.factory.support.SimpleInstantiationStrategy.instantiate(SimpleInstantiationStrategy.java:98) ~[spring-beans-7.0.7.jar!/:7.0.7]
2026-09-15T12:51:51.692654091Z [inf]  	... 39 common frames omitted
2026-09-15T12:51:51.692656757Z [inf]  
2026-09-15T12:51:53.529213492Z [inf]   \\/  ___)| |_)| | | | | || (_| |  ) ) ) )
2026-09-15T12:51:53.529222904Z [inf]    '  |____| .__|_| |_|_| |_\__, | / / / /
2026-09-15T12:51:53.529245860Z [inf]   =========|_|==============|___/=/_/_/_/
2026-09-15T12:51:53.529251155Z [inf]  
2026-09-15T12:51:53.529255080Z [inf]   :: Spring Boot ::                (v4.0.6)
2026-09-15T12:51:53.529260096Z [inf]  
2026-09-15T12:51:53.529264382Z [inf]  2026-09-15T12:51:53.237Z  INFO 1 --- [MeuStudio] [           main] c.e.meustudio.MeuStudioApplication       : Starting MeuStudioApplication v0.0.1-SNAPSHOT using Java 25.0.2 with PID 1 (/app/target/MeuStudio-0.0.1-SNAPSHOT.jar started by root in /app)
2026-09-15T12:51:53.529269650Z [inf]  2026-09-15T12:51:53.240Z  INFO 1 --- [MeuStudio] [           main] c.e.meustudio.MeuStudioApplication       : No active profile set, falling back to 1 default profile: "default"
2026-09-15T12:51:53.529375133Z [inf]  
2026-09-15T12:51:53.529379459Z [inf]    .   ____          _            __ _ _
2026-09-15T12:51:53.529383960Z [inf]   /\\ / ___'_ __ _ _(_)_ __  __ _ \ \ \ \
2026-09-15T12:51:53.529389693Z [inf]  ( ( )\___ | '_ | '_| | '_ \/ _` | \ \ \ \
2026-09-15T12:51:54.182799908Z [inf]  2026-09-15T12:51:54.173Z  INFO 1 --- [MeuStudio] [           main] .s.d.r.c.RepositoryConfigurationDelegate : Bootstrapping Spring Data JPA repositories in DEFAULT mode.
2026-09-15T12:51:54.226411045Z [inf]  2026-09-15T12:51:54.224Z  INFO 1 --- [MeuStudio] [           main] .s.d.r.c.RepositoryConfigurationDelegate : Finished Spring Data repository scanning in 43 ms. Found 4 JPA repository interfaces.
2026-09-15T12:51:54.826570572Z [inf]  2026-09-15T12:51:54.737Z  INFO 1 --- [MeuStudio] [           main] o.s.boot.tomcat.TomcatWebServer          : Tomcat initialized with port 8080 (http)
2026-09-15T12:51:54.826574300Z [inf]  2026-09-15T12:51:54.745Z  INFO 1 --- [MeuStudio] [           main] o.apache.catalina.core.StandardService   : Starting service [Tomcat]
2026-09-15T12:51:54.826577624Z [inf]  2026-09-15T12:51:54.746Z  INFO 1 --- [MeuStudio] [           main] o.apache.catalina.core.StandardEngine    : Starting Servlet engine: [Apache Tomcat/11.0.21]
2026-09-15T12:51:54.826581377Z [inf]  2026-09-15T12:51:54.762Z  INFO 1 --- [MeuStudio] [           main] b.w.c.s.WebApplicationContextInitializer : Root WebApplicationContext: initialization completed in 1447 ms
2026-09-15T12:51:55.226742421Z [inf]  2026-09-15T12:51:55.199Z  INFO 1 --- [MeuStudio] [           main] com.zaxxer.hikari.HikariDataSource       : HikariPool-1 - Starting...
2026-09-15T12:51:55.543693579Z [inf]  2026-09-15T12:51:55.519Z  INFO 1 --- [MeuStudio] [           main] com.zaxxer.hikari.pool.HikariPool        : HikariPool-1 - Added connection org.postgresql.jdbc.PgConnection@4a4b288a
2026-09-15T12:51:55.543702144Z [inf]  2026-09-15T12:51:55.520Z  INFO 1 --- [MeuStudio] [           main] com.zaxxer.hikari.HikariDataSource       : HikariPool-1 - Start completed.
2026-09-15T12:51:55.548672823Z [inf]  2026-09-15T12:51:55.545Z  INFO 1 --- [MeuStudio] [           main] org.flywaydb.core.FlywayExecutor         : Database: jdbc:postgresql://postgres.railway.internal:5432/railway (PostgreSQL 18.6)
2026-09-15T12:51:55.601822778Z [inf]  2026-09-15T12:51:55.596Z  INFO 1 --- [MeuStudio] [           main] o.f.core.internal.command.DbValidate     : Successfully validated 10 migrations (execution time 00:00.022s)
2026-09-15T12:51:55.677551599Z [inf]  2026-09-15T12:51:55.667Z  INFO 1 --- [MeuStudio] [           main] o.f.core.internal.command.DbMigrate      : Current version of schema "public": 10
2026-09-15T12:51:55.677557406Z [inf]  2026-09-15T12:51:55.671Z  INFO 1 --- [MeuStudio] [           main] o.f.core.internal.command.DbMigrate      : Schema "public" is up to date. No migration necessary.
2026-09-15T12:51:55.764651727Z [inf]  2026-09-15T12:51:55.746Z  INFO 1 --- [MeuStudio] [           main] org.hibernate.orm.jpa                    : HHH008540: Processing PersistenceUnitInfo [name: default]
2026-09-15T12:51:55.805447161Z [inf]  2026-09-15T12:51:55.795Z  INFO 1 --- [MeuStudio] [           main] org.hibernate.orm.core                   : HHH000001: Hibernate ORM core version 7.2.12.Final
2026-09-15T12:51:56.159597138Z [inf]  2026-09-15T12:51:56.156Z  INFO 1 --- [MeuStudio] [           main] o.s.o.j.p.SpringPersistenceUnitInfo      : No LoadTimeWeaver setup: ignoring JPA class transformer
2026-09-15T12:51:56.581738948Z [inf]  	Maximum pool size: undefined/unknown
2026-09-15T12:51:56.581765290Z [inf]  2026-09-15T12:51:56.287Z  INFO 1 --- [MeuStudio] [           main] org.hibernate.orm.connections.pooling    : HHH10001005: Database info:
2026-09-15T12:51:56.581768523Z [inf]  	Database JDBC URL [jdbc:postgresql://postgres.railway.internal:5432/railway]
2026-09-15T12:51:56.581772217Z [inf]  	Database driver: PostgreSQL JDBC Driver
2026-09-15T12:51:56.581775909Z [inf]  	Database dialect: PostgreSQLDialect
2026-09-15T12:51:56.581780407Z [inf]  	Database version: 18.6
2026-09-15T12:51:56.581783170Z [inf]  	Default catalog/schema: railway/public
2026-09-15T12:51:56.581785756Z [inf]  	Autocommit mode: undefined/unknown
2026-09-15T12:51:56.581788394Z [inf]  	Isolation level: READ_COMMITTED [default READ_COMMITTED]
2026-09-15T12:51:56.581791240Z [inf]  	JDBC fetch size: none
2026-09-15T12:51:56.581793922Z [inf]  	Pool: DataSourceConnectionProvider
2026-09-15T12:51:56.581797463Z [inf]  	Minimum pool size: undefined/unknown
2026-09-15T12:51:56.938850115Z [inf]  2026-09-15T12:51:56.926Z  INFO 1 --- [MeuStudio] [           main] org.hibernate.orm.core                   : HHH000489: No JTA platform available (set 'hibernate.transaction.jta.platform' to enable JTA platform integration)
2026-09-15T12:51:56.962128320Z [inf]  2026-09-15T12:51:56.958Z  INFO 1 --- [MeuStudio] [           main] j.LocalContainerEntityManagerFactoryBean : Initialized JPA EntityManagerFactory for persistence unit 'default'
2026-09-15T12:51:57.038788376Z [inf]  2026-09-15T12:51:57.015Z  INFO 1 --- [MeuStudio] [           main] o.s.d.j.r.query.QueryEnhancerFactories   : Hibernate is in classpath; If applicable, HQL parser will be used.
2026-09-15T12:51:57.616481780Z [inf]  2026-09-15T12:51:57.571Z  WARN 1 --- [MeuStudio] [           main] ConfigServletWebServerApplicationContext : Exception encountered during context initialization - cancelling refresh attempt: org.springframework.beans.factory.UnsatisfiedDependencyException: Error creating bean with name 'financeiroController' defined in URL [jar:nested:/app/target/MeuStudio-0.0.1-SNAPSHOT.jar/!BOOT-INF/classes/!/com/example/meustudio/financeiro/FinanceiroController.class]: Unsatisfied dependency expressed through constructor parameter 0: Error creating bean with name 'financeiroService' defined in URL [jar:nested:/app/target/MeuStudio-0.0.1-SNAPSHOT.jar/!BOOT-INF/classes/!/com/example/meustudio/financeiro/FinanceiroService.class]: Failed to instantiate [com.example.meustudio.financeiro.FinanceiroService]: No default constructor found
2026-09-15T12:51:57.616485817Z [inf]  2026-09-15T12:51:57.571Z  INFO 1 --- [MeuStudio] [           main] j.LocalContainerEntityManagerFactoryBean : Closing JPA EntityManagerFactory for persistence unit 'default'
2026-09-15T12:51:57.616489052Z [inf]  2026-09-15T12:51:57.573Z  INFO 1 --- [MeuStudio] [           main] com.zaxxer.hikari.HikariDataSource       : HikariPool-1 - Shutdown initiated...
2026-09-15T12:51:57.616493995Z [inf]  2026-09-15T12:51:57.585Z  INFO 1 --- [MeuStudio] [           main] com.zaxxer.hikari.HikariDataSource       : HikariPool-1 - Shutdown completed.
2026-09-15T12:51:57.616497547Z [inf]  2026-09-15T12:51:57.587Z  INFO 1 --- [MeuStudio] [           main] o.apache.catalina.core.StandardService   : Stopping service [Tomcat]
2026-09-15T12:51:57.616500937Z [inf]  2026-09-15T12:51:57.593Z  INFO 1 --- [MeuStudio] [           main] .s.b.a.l.ConditionEvaluationReportLogger : 
2026-09-15T12:51:57.616505410Z [inf]  
2026-09-15T12:51:57.616509596Z [inf]  Error starting ApplicationContext. To display the condition evaluation report re-run your application with 'debug' enabled.
2026-09-15T12:51:57.616513070Z [inf]  2026-09-15T12:51:57.602Z ERROR 1 --- [MeuStudio] [           main] o.s.boot.SpringApplication               : Application run failed
2026-09-15T12:51:57.617508392Z [inf]  
2026-09-15T12:51:57.617514323Z [inf]  org.springframework.beans.factory.UnsatisfiedDependencyException: Error creating bean with name 'financeiroController' defined in URL [jar:nested:/app/target/MeuStudio-0.0.1-SNAPSHOT.jar/!BOOT-INF/classes/!/com/example/meustudio/financeiro/FinanceiroController.class]: Unsatisfied dependency expressed through constructor parameter 0: Error creating bean with name 'financeiroService' defined in URL [jar:nested:/app/target/MeuStudio-0.0.1-SNAPSHOT.jar/!BOOT-INF/classes/!/com/example/meustudio/financeiro/FinanceiroService.class]: Failed to instantiate [com.example.meustudio.financeiro.FinanceiroService]: No default constructor found
2026-09-15T12:51:57.617517994Z [inf]  	at org.springframework.beans.factory.support.ConstructorResolver.createArgumentArray(ConstructorResolver.java:804) ~[spring-beans-7.0.7.jar!/:7.0.7]
2026-09-15T12:51:57.617521654Z [inf]  	at org.springframework.beans.factory.support.ConstructorResolver.autowireConstructor(ConstructorResolver.java:240) ~[spring-beans-7.0.7.jar!/:7.0.7]
2026-09-15T12:51:57.617526303Z [inf]  	at org.springframework.beans.factory.support.AbstractAutowireCapableBeanFactory.autowireConstructor(AbstractAutowireCapableBeanFactory.java:1382) ~[spring-beans-7.0.7.jar!/:7.0.7]
2026-09-15T12:51:57.617529767Z [inf]  	at org.springframework.beans.factory.support.AbstractAutowireCapableBeanFactory.createBeanInstance(AbstractAutowireCapableBeanFactory.java:1221) ~[spring-beans-7.0.7.jar!/:7.0.7]
2026-09-15T12:51:57.617533470Z [inf]  	at org.springframework.beans.factory.support.AbstractAutowireCapableBeanFactory.doCreateBean(AbstractAutowireCapableBeanFactory.java:565) ~[spring-beans-7.0.7.jar!/:7.0.7]
2026-09-15T12:51:57.617536862Z [inf]  	at org.springframework.beans.factory.support.AbstractAutowireCapableBeanFactory.createBean(AbstractAutowireCapableBeanFactory.java:525) ~[spring-beans-7.0.7.jar!/:7.0.7]
2026-09-15T12:51:57.617540350Z [inf]  	at org.springframework.beans.factory.support.AbstractBeanFactory.lambda$doGetBean$0(AbstractBeanFactory.java:333) ~[spring-beans-7.0.7.jar!/:7.0.7]
2026-09-15T12:51:57.618651902Z [inf]  	at org.springframework.beans.factory.support.DefaultSingletonBeanRegistry.getSingleton(DefaultSingletonBeanRegistry.java:371) ~[spring-beans-7.0.7.jar!/:7.0.7]
2026-09-15T12:51:57.618659165Z [inf]  	at org.springframework.beans.factory.support.AbstractBeanFactory.doGetBean(AbstractBeanFactory.java:331) ~[spring-beans-7.0.7.jar!/:7.0.7]
2026-09-15T12:51:57.618664673Z [inf]  	at org.springframework.beans.factory.support.AbstractBeanFactory.getBean(AbstractBeanFactory.java:196) ~[spring-beans-7.0.7.jar!/:7.0.7]
2026-09-15T12:51:57.618668950Z [inf]  	at org.springframework.beans.factory.support.DefaultListableBeanFactory.instantiateSingleton(DefaultListableBeanFactory.java:1218) ~[spring-beans-7.0.7.jar!/:7.0.7]
2026-09-15T12:51:57.618672719Z [inf]  	at org.springframework.beans.factory.support.DefaultListableBeanFactory.preInstantiateSingleton(DefaultListableBeanFactory.java:1184) ~[spring-beans-7.0.7.jar!/:7.0.7]
2026-09-15T12:51:57.618676839Z [inf]  	at org.springframework.beans.factory.support.DefaultListableBeanFactory.preInstantiateSingletons(DefaultListableBeanFactory.java:1121) ~[spring-beans-7.0.7.jar!/:7.0.7]
2026-09-15T12:51:57.618681037Z [inf]  	at org.springframework.context.support.AbstractApplicationContext.finishBeanFactoryInitialization(AbstractApplicationContext.java:994) ~[spring-context-7.0.7.jar!/:7.0.7]
2026-09-15T12:51:57.618685037Z [inf]  	at org.springframework.context.support.AbstractApplicationContext.refresh(AbstractApplicationContext.java:621) ~[spring-context-7.0.7.jar!/:7.0.7]
2026-09-15T12:51:57.618689687Z [inf]  	at org.springframework.boot.web.server.servlet.context.ServletWebServerApplicationContext.refresh(ServletWebServerApplicationContext.java:143) ~[spring-boot-web-server-4.0.6.jar!/:4.0.6]
2026-09-15T12:51:57.618693754Z [inf]  	at org.springframework.boot.SpringApplication.refresh(SpringApplication.java:756) ~[spring-boot-4.0.6.jar!/:4.0.6]
2026-09-15T12:51:57.618697328Z [inf]  	at org.springframework.boot.SpringApplication.refreshContext(SpringApplication.java:445) ~[spring-boot-4.0.6.jar!/:4.0.6]
2026-09-15T12:51:57.620072286Z [inf]  	at org.springframework.beans.factory.support.AbstractAutowireCapableBeanFactory.instantiateBean(AbstractAutowireCapableBeanFactory.java:1344) ~[spring-beans-7.0.7.jar!/:7.0.7]
2026-09-15T12:51:57.620076474Z [inf]  	at org.springframework.beans.factory.support.AbstractAutowireCapableBeanFactory.createBeanInstance(AbstractAutowireCapableBeanFactory.java:1231) ~[spring-beans-7.0.7.jar!/:7.0.7]
2026-09-15T12:51:57.620082870Z [inf]  Caused by: org.springframework.beans.factory.BeanCreationException: Error creating bean with name 'financeiroService' defined in URL [jar:nested:/app/target/MeuStudio-0.0.1-SNAPSHOT.jar/!BOOT-INF/classes/!/com/example/meustudio/financeiro/FinanceiroService.class]: Failed to instantiate [com.example.meustudio.financeiro.FinanceiroService]: No default constructor found
2026-09-15T12:51:57.620086223Z [inf]  	at org.springframework.boot.SpringApplication.run(SpringApplication.java:321) ~[spring-boot-4.0.6.jar!/:4.0.6]
2026-09-15T12:51:57.620093533Z [inf]  	at org.springframework.boot.SpringApplication.run(SpringApplication.java:1365) ~[spring-boot-4.0.6.jar!/:4.0.6]
2026-09-15T12:51:57.620098303Z [inf]  	at org.springframework.boot.SpringApplication.run(SpringApplication.java:1354) ~[spring-boot-4.0.6.jar!/:4.0.6]
2026-09-15T12:51:57.620102774Z [inf]  	at com.example.meustudio.MeuStudioApplication.main(MeuStudioApplication.java:14) ~[!/:0.0.1-SNAPSHOT]
2026-09-15T12:51:57.620107304Z [inf]  	at java.base/jdk.internal.reflect.DirectMethodHandleAccessor.invoke(DirectMethodHandleAccessor.java:104) ~[na:na]
2026-09-15T12:51:57.620111653Z [inf]  	at java.base/java.lang.reflect.Method.invoke(Method.java:565) ~[na:na]
2026-09-15T12:51:57.620117444Z [inf]  	at org.springframework.boot.loader.launch.Launcher.launch(Launcher.java:106) ~[MeuStudio-0.0.1-SNAPSHOT.jar:0.0.1-SNAPSHOT]
2026-09-15T12:51:57.620121551Z [inf]  	at org.springframework.boot.loader.launch.Launcher.launch(Launcher.java:64) ~[MeuStudio-0.0.1-SNAPSHOT.jar:0.0.1-SNAPSHOT]
2026-09-15T12:51:57.620125785Z [inf]  	at org.springframework.boot.loader.launch.JarLauncher.main(JarLauncher.java:40) ~[MeuStudio-0.0.1-SNAPSHOT.jar:0.0.1-SNAPSHOT]
2026-09-15T12:51:57.621320745Z [inf]  	at org.springframework.beans.factory.support.AbstractAutowireCapableBeanFactory.doCreateBean(AbstractAutowireCapableBeanFactory.java:565) ~[spring-beans-7.0.7.jar!/:7.0.7]
2026-09-15T12:51:57.621324311Z [inf]  	at org.springframework.beans.factory.support.AbstractAutowireCapableBeanFactory.createBean(AbstractAutowireCapableBeanFactory.java:525) ~[spring-beans-7.0.7.jar!/:7.0.7]
2026-09-15T12:51:57.621327882Z [inf]  	at org.springframework.beans.factory.support.AbstractBeanFactory.lambda$doGetBean$0(AbstractBeanFactory.java:333) ~[spring-beans-7.0.7.jar!/:7.0.7]
2026-09-15T12:51:57.621331180Z [inf]  	at org.springframework.beans.factory.support.DefaultSingletonBeanRegistry.getSingleton(DefaultSingletonBeanRegistry.java:371) ~[spring-beans-7.0.7.jar!/:7.0.7]
2026-09-15T12:51:57.621334692Z [inf]  	at org.springframework.beans.factory.support.AbstractBeanFactory.doGetBean(AbstractBeanFactory.java:331) ~[spring-beans-7.0.7.jar!/:7.0.7]
2026-09-15T12:51:57.621338014Z [inf]  	at org.springframework.beans.factory.support.AbstractBeanFactory.getBean(AbstractBeanFactory.java:201) ~[spring-beans-7.0.7.jar!/:7.0.7]
2026-09-15T12:51:57.621341145Z [inf]  	at org.springframework.beans.factory.support.DefaultListableBeanFactory.resolveBean(DefaultListableBeanFactory.java:1225) ~[spring-beans-7.0.7.jar!/:7.0.7]
2026-09-15T12:51:57.621344730Z [inf]  	at org.springframework.beans.factory.support.DefaultListableBeanFactory.doResolveDependency(DefaultListableBeanFactory.java:1704) ~[spring-beans-7.0.7.jar!/:7.0.7]
2026-09-15T12:51:57.621348426Z [inf]  	at org.springframework.beans.factory.support.DefaultListableBeanFactory.resolveDependency(DefaultListableBeanFactory.java:1651) ~[spring-beans-7.0.7.jar!/:7.0.7]
2026-09-15T12:51:57.621351683Z [inf]  	at org.springframework.beans.factory.support.ConstructorResolver.resolveAutowiredArgument(ConstructorResolver.java:912) ~[spring-beans-7.0.7.jar!/:7.0.7]
2026-09-15T12:51:57.621355213Z [inf]  	at org.springframework.beans.factory.support.ConstructorResolver.createArgumentArray(ConstructorResolver.java:791) ~[spring-beans-7.0.7.jar!/:7.0.7]
2026-09-15T12:51:57.622626961Z [inf]  	... 26 common frames omitted
2026-09-15T12:51:57.622631735Z [inf]  Caused by: org.springframework.beans.BeanInstantiationException: Failed to instantiate [com.example.meustudio.financeiro.FinanceiroService]: No default constructor found
2026-09-15T12:51:57.622634766Z [inf]  	at org.springframework.beans.factory.support.SimpleInstantiationStrategy.instantiate(SimpleInstantiationStrategy.java:102) ~[spring-beans-7.0.7.jar!/:7.0.7]
2026-09-15T12:51:57.622637796Z [inf]  	at org.springframework.beans.factory.support.AbstractAutowireCapableBeanFactory.instantiateBean(AbstractAutowireCapableBeanFactory.java:1338) ~[spring-beans-7.0.7.jar!/:7.0.7]
2026-09-15T12:51:57.622640608Z [inf]  	... 38 common frames omitted
2026-09-15T12:51:57.622643559Z [inf]  Caused by: java.lang.NoSuchMethodException: com.example.meustudio.financeiro.FinanceiroService.<init>()
2026-09-15T12:51:57.622646195Z [inf]  	at java.base/java.lang.Class.getConstructor0(Class.java:3187) ~[na:na]
2026-09-15T12:51:57.622649292Z [inf]  	at java.base/java.lang.Class.getDeclaredConstructor(Class.java:2491) ~[na:na]
2026-09-15T12:51:57.622651870Z [inf]  	at org.springframework.beans.factory.support.SimpleInstantiationStrategy.instantiate(SimpleInstantiationStrategy.java:98) ~[spring-beans-7.0.7.jar!/:7.0.7]
2026-09-15T12:51:57.622654725Z [inf]  	... 39 common frames omitted
2026-09-15T12:51:57.622657826Z [inf]  
2026-09-15T12:51:59.212629879Z [inf]  
2026-09-15T12:51:59.212633465Z [inf]    .   ____          _            __ _ _
2026-09-15T12:51:59.212637172Z [inf]   /\\ / ___'_ __ _ _(_)_ __  __ _ \ \ \ \
2026-09-15T12:51:59.212641027Z [inf]  ( ( )\___ | '_ | '_| | '_ \/ _` | \ \ \ \
2026-09-15T12:51:59.212644654Z [inf]   \\/  ___)| |_)| | | | | || (_| |  ) ) ) )
2026-09-15T12:51:59.212648133Z [inf]    '  |____| .__|_| |_|_| |_\__, | / / / /
2026-09-15T12:51:59.212651576Z [inf]   =========|_|==============|___/=/_/_/_/
2026-09-15T12:51:59.212655526Z [inf]  
2026-09-15T12:51:59.212660310Z [inf]   :: Spring Boot ::                (v4.0.6)
2026-09-15T12:51:59.212663973Z [inf]  
2026-09-15T12:51:59.212668565Z [inf]  2026-09-15T12:51:59.162Z  INFO 1 --- [MeuStudio] [           main] c.e.meustudio.MeuStudioApplication       : Starting MeuStudioApplication v0.0.1-SNAPSHOT using Java 25.0.2 with PID 1 (/app/target/MeuStudio-0.0.1-SNAPSHOT.jar started by root in /app)
2026-09-15T12:51:59.212672085Z [inf]  2026-09-15T12:51:59.165Z  INFO 1 --- [MeuStudio] [           main] c.e.meustudio.MeuStudioApplication       : No active profile set, falling back to 1 default profile: "default"
2026-09-15T12:52:00.099664977Z [inf]  2026-09-15T12:52:00.090Z  INFO 1 --- [MeuStudio] [           main] .s.d.r.c.RepositoryConfigurationDelegate : Bootstrapping Spring Data JPA repositories in DEFAULT mode.
2026-09-15T12:52:00.144852733Z [inf]  2026-09-15T12:52:00.144Z  INFO 1 --- [MeuStudio] [           main] .s.d.r.c.RepositoryConfigurationDelegate : Finished Spring Data repository scanning in 47 ms. Found 4 JPA repository interfaces.
2026-09-15T12:52:00.667122003Z [inf]  2026-09-15T12:52:00.654Z  INFO 1 --- [MeuStudio] [           main] o.s.boot.tomcat.TomcatWebServer          : Tomcat initialized with port 8080 (http)
2026-09-15T12:52:00.668532834Z [inf]  2026-09-15T12:52:00.667Z  INFO 1 --- [MeuStudio] [           main] o.apache.catalina.core.StandardService   : Starting service [Tomcat]
2026-09-15T12:52:00.668537848Z [inf]  2026-09-15T12:52:00.667Z  INFO 1 --- [MeuStudio] [           main] o.apache.catalina.core.StandardEngine    : Starting Servlet engine: [Apache Tomcat/11.0.21]
2026-09-15T12:52:00.691703908Z [inf]  2026-09-15T12:52:00.683Z  INFO 1 --- [MeuStudio] [           main] b.w.c.s.WebApplicationContextInitializer : Root WebApplicationContext: initialization completed in 1453 ms
2026-09-15T12:52:01.173281992Z [inf]  2026-09-15T12:52:01.161Z  INFO 1 --- [MeuStudio] [           main] com.zaxxer.hikari.HikariDataSource       : HikariPool-1 - Starting...
2026-09-15T12:52:01.610149505Z [inf]  2026-09-15T12:52:01.487Z  INFO 1 --- [MeuStudio] [           main] com.zaxxer.hikari.pool.HikariPool        : HikariPool-1 - Added connection org.postgresql.jdbc.PgConnection@4a4b288a
2026-09-15T12:52:01.610156106Z [inf]  2026-09-15T12:52:01.488Z  INFO 1 --- [MeuStudio] [           main] com.zaxxer.hikari.HikariDataSource       : HikariPool-1 - Start completed.
2026-09-15T12:52:01.610159694Z [inf]  2026-09-15T12:52:01.513Z  INFO 1 --- [MeuStudio] [           main] org.flywaydb.core.FlywayExecutor         : Database: jdbc:postgresql://postgres.railway.internal:5432/railway (PostgreSQL 18.6)
2026-09-15T12:52:01.610164106Z [inf]  2026-09-15T12:52:01.566Z  INFO 1 --- [MeuStudio] [           main] o.f.core.internal.command.DbValidate     : Successfully validated 10 migrations (execution time 00:00.023s)
2026-09-15T12:52:01.640510251Z [inf]  2026-09-15T12:52:01.637Z  INFO 1 --- [MeuStudio] [           main] o.f.core.internal.command.DbMigrate      : Current version of schema "public": 10
2026-09-15T12:52:01.643029864Z [inf]  2026-09-15T12:52:01.641Z  INFO 1 --- [MeuStudio] [           main] o.f.core.internal.command.DbMigrate      : Schema "public" is up to date. No migration necessary.
2026-09-15T12:52:01.733603174Z [inf]  2026-09-15T12:52:01.730Z  INFO 1 --- [MeuStudio] [           main] org.hibernate.orm.jpa                    : HHH008540: Processing PersistenceUnitInfo [name: default]
2026-09-15T12:52:01.810004967Z [inf]  2026-09-15T12:52:01.778Z  INFO 1 --- [MeuStudio] [           main] org.hibernate.orm.core                   : HHH000001: Hibernate ORM core version 7.2.12.Final
2026-09-15T12:52:02.174186477Z [inf]  2026-09-15T12:52:02.150Z  INFO 1 --- [MeuStudio] [           main] o.s.o.j.p.SpringPersistenceUnitInfo      : No LoadTimeWeaver setup: ignoring JPA class transformer
2026-09-15T12:52:02.330520608Z [inf]  2026-09-15T12:52:02.281Z  INFO 1 --- [MeuStudio] [           main] org.hibernate.orm.connections.pooling    : HHH10001005: Database info:
2026-09-15T12:52:02.330525367Z [inf]  	Database JDBC URL [jdbc:postgresql://postgres.railway.internal:5432/railway]
2026-09-15T12:52:02.330528543Z [inf]  	Database driver: PostgreSQL JDBC Driver
2026-09-15T12:52:02.330531623Z [inf]  	Database dialect: PostgreSQLDialect
2026-09-15T12:52:02.330534823Z [inf]  	Database version: 18.6
2026-09-15T12:52:02.330537726Z [inf]  	Default catalog/schema: railway/public
2026-09-15T12:52:02.330540566Z [inf]  	Autocommit mode: undefined/unknown
2026-09-15T12:52:02.330543512Z [inf]  	Isolation level: READ_COMMITTED [default READ_COMMITTED]
2026-09-15T12:52:02.330547806Z [inf]  	JDBC fetch size: none
2026-09-15T12:52:02.330550654Z [inf]  	Pool: DataSourceConnectionProvider
2026-09-15T12:52:02.330553417Z [inf]  	Minimum pool size: undefined/unknown
2026-09-15T12:52:02.330556264Z [inf]  	Maximum pool size: undefined/unknown
2026-09-15T12:52:02.985866776Z [inf]  2026-09-15T12:52:02.903Z  INFO 1 --- [MeuStudio] [           main] org.hibernate.orm.core                   : HHH000489: No JTA platform available (set 'hibernate.transaction.jta.platform' to enable JTA platform integration)
2026-09-15T12:52:02.985869717Z [inf]  2026-09-15T12:52:02.935Z  INFO 1 --- [MeuStudio] [           main] j.LocalContainerEntityManagerFactoryBean : Initialized JPA EntityManagerFactory for persistence unit 'default'
2026-09-15T12:52:02.991958095Z [inf]  2026-09-15T12:52:02.990Z  INFO 1 --- [MeuStudio] [           main] o.s.d.j.r.query.QueryEnhancerFactories   : Hibernate is in classpath; If applicable, HQL parser will be used.
2026-09-15T12:52:03.633697141Z [inf]  2026-09-15T12:52:03.593Z  INFO 1 --- [MeuStudio] [           main] com.zaxxer.hikari.HikariDataSource       : HikariPool-1 - Shutdown completed.
2026-09-15T12:52:03.633705122Z [inf]  2026-09-15T12:52:03.595Z  INFO 1 --- [MeuStudio] [           main] o.apache.catalina.core.StandardService   : Stopping service [Tomcat]
2026-09-15T12:52:03.633709036Z [inf]  2026-09-15T12:52:03.601Z  INFO 1 --- [MeuStudio] [           main] .s.b.a.l.ConditionEvaluationReportLogger : 
2026-09-15T12:52:03.633713145Z [inf]  
2026-09-15T12:52:03.633716514Z [inf]  Error starting ApplicationContext. To display the condition evaluation report re-run your application with 'debug' enabled.
2026-09-15T12:52:03.633720639Z [inf]  2026-09-15T12:52:03.610Z ERROR 1 --- [MeuStudio] [           main] o.s.boot.SpringApplication               : Application run failed
2026-09-15T12:52:03.633765446Z [inf]  2026-09-15T12:52:03.579Z  WARN 1 --- [MeuStudio] [           main] ConfigServletWebServerApplicationContext : Exception encountered during context initialization - cancelling refresh attempt: org.springframework.beans.factory.UnsatisfiedDependencyException: Error creating bean with name 'financeiroController' defined in URL [jar:nested:/app/target/MeuStudio-0.0.1-SNAPSHOT.jar/!BOOT-INF/classes/!/com/example/meustudio/financeiro/FinanceiroController.class]: Unsatisfied dependency expressed through constructor parameter 0: Error creating bean with name 'financeiroService' defined in URL [jar:nested:/app/target/MeuStudio-0.0.1-SNAPSHOT.jar/!BOOT-INF/classes/!/com/example/meustudio/financeiro/FinanceiroService.class]: Failed to instantiate [com.example.meustudio.financeiro.FinanceiroService]: No default constructor found
2026-09-15T12:52:03.633768372Z [inf]  2026-09-15T12:52:03.580Z  INFO 1 --- [MeuStudio] [           main] j.LocalContainerEntityManagerFactoryBean : Closing JPA EntityManagerFactory for persistence unit 'default'
2026-09-15T12:52:03.633771331Z [inf]  2026-09-15T12:52:03.581Z  INFO 1 --- [MeuStudio] [           main] com.zaxxer.hikari.HikariDataSource       : HikariPool-1 - Shutdown initiated...
2026-09-15T12:52:03.634250217Z [inf]  
2026-09-15T12:52:03.634253284Z [inf]  org.springframework.beans.factory.UnsatisfiedDependencyException: Error creating bean with name 'financeiroController' defined in URL [jar:nested:/app/target/MeuStudio-0.0.1-SNAPSHOT.jar/!BOOT-INF/classes/!/com/example/meustudio/financeiro/FinanceiroController.class]: Unsatisfied dependency expressed through constructor parameter 0: Error creating bean with name 'financeiroService' defined in URL [jar:nested:/app/target/MeuStudio-0.0.1-SNAPSHOT.jar/!BOOT-INF/classes/!/com/example/meustudio/financeiro/FinanceiroService.class]: Failed to instantiate [com.example.meustudio.financeiro.FinanceiroService]: No default constructor found
2026-09-15T12:52:03.634256883Z [inf]  	at org.springframework.beans.factory.support.ConstructorResolver.createArgumentArray(ConstructorResolver.java:804) ~[spring-beans-7.0.7.jar!/:7.0.7]
2026-09-15T12:52:03.634259530Z [inf]  	at org.springframework.beans.factory.support.ConstructorResolver.autowireConstructor(ConstructorResolver.java:240) ~[spring-beans-7.0.7.jar!/:7.0.7]
2026-09-15T12:52:03.634262345Z [inf]  	at org.springframework.beans.factory.support.AbstractAutowireCapableBeanFactory.autowireConstructor(AbstractAutowireCapableBeanFactory.java:1382) ~[spring-beans-7.0.7.jar!/:7.0.7]
2026-09-15T12:52:03.634265253Z [inf]  	at org.springframework.beans.factory.support.AbstractAutowireCapableBeanFactory.createBeanInstance(AbstractAutowireCapableBeanFactory.java:1221) ~[spring-beans-7.0.7.jar!/:7.0.7]
2026-09-15T12:52:03.634268024Z [inf]  	at org.springframework.beans.factory.support.AbstractAutowireCapableBeanFactory.doCreateBean(AbstractAutowireCapableBeanFactory.java:565) ~[spring-beans-7.0.7.jar!/:7.0.7]
2026-09-15T12:52:03.634271367Z [inf]  	at org.springframework.beans.factory.support.AbstractAutowireCapableBeanFactory.createBean(AbstractAutowireCapableBeanFactory.java:525) ~[spring-beans-7.0.7.jar!/:7.0.7]
2026-09-15T12:52:03.634274075Z [inf]  	at org.springframework.beans.factory.support.AbstractBeanFactory.lambda$doGetBean$0(AbstractBeanFactory.java:333) ~[spring-beans-7.0.7.jar!/:7.0.7]
2026-09-15T12:52:03.635499122Z [inf]  	at org.springframework.beans.factory.support.DefaultSingletonBeanRegistry.getSingleton(DefaultSingletonBeanRegistry.java:371) ~[spring-beans-7.0.7.jar!/:7.0.7]
2026-09-15T12:52:03.635502486Z [inf]  	at org.springframework.beans.factory.support.AbstractBeanFactory.doGetBean(AbstractBeanFactory.java:331) ~[spring-beans-7.0.7.jar!/:7.0.7]
2026-09-15T12:52:03.635505243Z [inf]  	at org.springframework.beans.factory.support.AbstractBeanFactory.getBean(AbstractBeanFactory.java:196) ~[spring-beans-7.0.7.jar!/:7.0.7]
2026-09-15T12:52:03.635507978Z [inf]  	at org.springframework.beans.factory.support.DefaultListableBeanFactory.instantiateSingleton(DefaultListableBeanFactory.java:1218) ~[spring-beans-7.0.7.jar!/:7.0.7]
2026-09-15T12:52:03.635510719Z [inf]  	at org.springframework.beans.factory.support.DefaultListableBeanFactory.preInstantiateSingleton(DefaultListableBeanFactory.java:1184) ~[spring-beans-7.0.7.jar!/:7.0.7]
2026-09-15T12:52:03.635513426Z [inf]  	at org.springframework.beans.factory.support.DefaultListableBeanFactory.preInstantiateSingletons(DefaultListableBeanFactory.java:1121) ~[spring-beans-7.0.7.jar!/:7.0.7]
2026-09-15T12:52:03.635518835Z [inf]  	at org.springframework.context.support.AbstractApplicationContext.finishBeanFactoryInitialization(AbstractApplicationContext.java:994) ~[spring-context-7.0.7.jar!/:7.0.7]
2026-09-15T12:52:03.635521629Z [inf]  	at org.springframework.context.support.AbstractApplicationContext.refresh(AbstractApplicationContext.java:621) ~[spring-context-7.0.7.jar!/:7.0.7]
2026-09-15T12:52:03.635524268Z [inf]  	at org.springframework.boot.web.server.servlet.context.ServletWebServerApplicationContext.refresh(ServletWebServerApplicationContext.java:143) ~[spring-boot-web-server-4.0.6.jar!/:4.0.6]
2026-09-15T12:52:03.635526999Z [inf]  	at org.springframework.boot.SpringApplication.refresh(SpringApplication.java:756) ~[spring-boot-4.0.6.jar!/:4.0.6]
2026-09-15T12:52:03.635529506Z [inf]  	at org.springframework.boot.SpringApplication.refreshContext(SpringApplication.java:445) ~[spring-boot-4.0.6.jar!/:4.0.6]
2026-09-15T12:52:03.637037608Z [inf]  	at org.springframework.boot.SpringApplication.run(SpringApplication.java:321) ~[spring-boot-4.0.6.jar!/:4.0.6]
2026-09-15T12:52:03.637041605Z [inf]  	at org.springframework.boot.SpringApplication.run(SpringApplication.java:1365) ~[spring-boot-4.0.6.jar!/:4.0.6]
2026-09-15T12:52:03.637045405Z [inf]  	at org.springframework.boot.SpringApplication.run(SpringApplication.java:1354) ~[spring-boot-4.0.6.jar!/:4.0.6]
2026-09-15T12:52:03.637048939Z [inf]  	at com.example.meustudio.MeuStudioApplication.main(MeuStudioApplication.java:14) ~[!/:0.0.1-SNAPSHOT]
2026-09-15T12:52:03.637052424Z [inf]  	at java.base/jdk.internal.reflect.DirectMethodHandleAccessor.invoke(DirectMethodHandleAccessor.java:104) ~[na:na]
2026-09-15T12:52:03.637055772Z [inf]  	at java.base/java.lang.reflect.Method.invoke(Method.java:565) ~[na:na]
2026-09-15T12:52:03.637059602Z [inf]  	at org.springframework.boot.loader.launch.Launcher.launch(Launcher.java:106) ~[MeuStudio-0.0.1-SNAPSHOT.jar:0.0.1-SNAPSHOT]
2026-09-15T12:52:03.637062722Z [inf]  	at org.springframework.boot.loader.launch.Launcher.launch(Launcher.java:64) ~[MeuStudio-0.0.1-SNAPSHOT.jar:0.0.1-SNAPSHOT]
2026-09-15T12:52:03.637065905Z [inf]  	at org.springframework.boot.loader.launch.JarLauncher.main(JarLauncher.java:40) ~[MeuStudio-0.0.1-SNAPSHOT.jar:0.0.1-SNAPSHOT]
2026-09-15T12:52:03.637069497Z [inf]  Caused by: org.springframework.beans.factory.BeanCreationException: Error creating bean with name 'financeiroService' defined in URL [jar:nested:/app/target/MeuStudio-0.0.1-SNAPSHOT.jar/!BOOT-INF/classes/!/com/example/meustudio/financeiro/FinanceiroService.class]: Failed to instantiate [com.example.meustudio.financeiro.FinanceiroService]: No default constructor found
2026-09-15T12:52:03.637072991Z [inf]  	at org.springframework.beans.factory.support.AbstractAutowireCapableBeanFactory.instantiateBean(AbstractAutowireCapableBeanFactory.java:1344) ~[spring-beans-7.0.7.jar!/:7.0.7]
2026-09-15T12:52:03.637076360Z [inf]  	at org.springframework.beans.factory.support.AbstractAutowireCapableBeanFactory.createBeanInstance(AbstractAutowireCapableBeanFactory.java:1231) ~[spring-beans-7.0.7.jar!/:7.0.7]
2026-09-15T12:52:03.638369003Z [inf]  	at org.springframework.beans.factory.support.DefaultListableBeanFactory.doResolveDependency(DefaultListableBeanFactory.java:1704) ~[spring-beans-7.0.7.jar!/:7.0.7]
2026-09-15T12:52:03.638375422Z [inf]  	at org.springframework.beans.factory.support.DefaultListableBeanFactory.resolveDependency(DefaultListableBeanFactory.java:1651) ~[spring-beans-7.0.7.jar!/:7.0.7]
2026-09-15T12:52:03.638375903Z [inf]  	at org.springframework.beans.factory.support.AbstractBeanFactory.lambda$doGetBean$0(AbstractBeanFactory.java:333) ~[spring-beans-7.0.7.jar!/:7.0.7]
2026-09-15T12:52:03.638382464Z [inf]  	at org.springframework.beans.factory.support.ConstructorResolver.resolveAutowiredArgument(ConstructorResolver.java:912) ~[spring-beans-7.0.7.jar!/:7.0.7]
2026-09-15T12:52:03.638383396Z [inf]  	at org.springframework.beans.factory.support.AbstractAutowireCapableBeanFactory.doCreateBean(AbstractAutowireCapableBeanFactory.java:565) ~[spring-beans-7.0.7.jar!/:7.0.7]
2026-09-15T12:52:03.638384846Z [inf]  	at org.springframework.beans.factory.support.DefaultSingletonBeanRegistry.getSingleton(DefaultSingletonBeanRegistry.java:371) ~[spring-beans-7.0.7.jar!/:7.0.7]
2026-09-15T12:52:03.638390455Z [inf]  	at org.springframework.beans.factory.support.ConstructorResolver.createArgumentArray(ConstructorResolver.java:791) ~[spring-beans-7.0.7.jar!/:7.0.7]
2026-09-15T12:52:03.638390518Z [inf]  	at org.springframework.beans.factory.support.AbstractAutowireCapableBeanFactory.createBean(AbstractAutowireCapableBeanFactory.java:525) ~[spring-beans-7.0.7.jar!/:7.0.7]
2026-09-15T12:52:03.638392255Z [inf]  	at org.springframework.beans.factory.support.AbstractBeanFactory.doGetBean(AbstractBeanFactory.java:331) ~[spring-beans-7.0.7.jar!/:7.0.7]
2026-09-15T12:52:03.638398993Z [inf]  	at org.springframework.beans.factory.support.AbstractBeanFactory.getBean(AbstractBeanFactory.java:201) ~[spring-beans-7.0.7.jar!/:7.0.7]
2026-09-15T12:52:03.638403868Z [inf]  	at org.springframework.beans.factory.support.DefaultListableBeanFactory.resolveBean(DefaultListableBeanFactory.java:1225) ~[spring-beans-7.0.7.jar!/:7.0.7]
2026-09-15T12:52:03.639635880Z [inf]  	... 26 common frames omitted
2026-09-15T12:52:03.639640057Z [inf]  Caused by: org.springframework.beans.BeanInstantiationException: Failed to instantiate [com.example.meustudio.financeiro.FinanceiroService]: No default constructor found
2026-09-15T12:52:03.639643440Z [inf]  	at org.springframework.beans.factory.support.SimpleInstantiationStrategy.instantiate(SimpleInstantiationStrategy.java:102) ~[spring-beans-7.0.7.jar!/:7.0.7]
2026-09-15T12:52:03.639646587Z [inf]  	at org.springframework.beans.factory.support.AbstractAutowireCapableBeanFactory.instantiateBean(AbstractAutowireCapableBeanFactory.java:1338) ~[spring-beans-7.0.7.jar!/:7.0.7]
2026-09-15T12:52:03.639650026Z [inf]  	... 38 common frames omitted
2026-09-15T12:52:03.639652932Z [inf]  Caused by: java.lang.NoSuchMethodException: com.example.meustudio.financeiro.FinanceiroService.<init>()
2026-09-15T12:52:03.639656482Z [inf]  	at java.base/java.lang.Class.getConstructor0(Class.java:3187) ~[na:na]
2026-09-15T12:52:03.639660669Z [inf]  	at java.base/java.lang.Class.getDeclaredConstructor(Class.java:2491) ~[na:na]
2026-09-15T12:52:03.639664566Z [inf]  	at org.springframework.beans.factory.support.SimpleInstantiationStrategy.instantiate(SimpleInstantiationStrategy.java:98) ~[spring-beans-7.0.7.jar!/:7.0.7]
2026-09-15T12:52:03.639667903Z [inf]  	... 39 common frames omitted
2026-09-15T12:52:03.639671597Z [inf]  
2026-09-15T12:52:05.167926574Z [inf]  
2026-09-15T12:52:05.167931553Z [inf]    .   ____          _            __ _ _
2026-09-15T12:52:05.167934878Z [inf]   /\\ / ___'_ __ _ _(_)_ __  __ _ \ \ \ \
2026-09-15T12:52:05.167937778Z [inf]  ( ( )\___ | '_ | '_| | '_ \/ _` | \ \ \ \
2026-09-15T12:52:05.167940675Z [inf]   \\/  ___)| |_)| | | | | || (_| |  ) ) ) )
2026-09-15T12:52:05.167943431Z [inf]    '  |____| .__|_| |_|_| |_\__, | / / / /
2026-09-15T12:52:05.167946474Z [inf]   =========|_|==============|___/=/_/_/_/
2026-09-15T12:52:05.167949396Z [inf]  
2026-09-15T12:52:05.167952205Z [inf]   :: Spring Boot ::                (v4.0.6)
2026-09-15T12:52:05.167954881Z [inf]  
2026-09-15T12:52:05.230843963Z [inf]  2026-09-15T12:52:05.224Z  INFO 1 --- [MeuStudio] [           main] c.e.meustudio.MeuStudioApplication       : Starting MeuStudioApplication v0.0.1-SNAPSHOT using Java 25.0.2 with PID 1 (/app/target/MeuStudio-0.0.1-SNAPSHOT.jar started by root in /app)
2026-09-15T12:52:05.230850067Z [inf]  2026-09-15T12:52:05.227Z  INFO 1 --- [MeuStudio] [           main] c.e.meustudio.MeuStudioApplication       : No active profile set, falling back to 1 default profile: "default"
2026-09-15T12:52:06.256335547Z [inf]  2026-09-15T12:52:06.255Z  INFO 1 --- [MeuStudio] [           main] .s.d.r.c.RepositoryConfigurationDelegate : Bootstrapping Spring Data JPA repositories in DEFAULT mode.
2026-09-15T12:52:06.335285802Z [inf]  2026-09-15T12:52:06.330Z  INFO 1 --- [MeuStudio] [           main] .s.d.r.c.RepositoryConfigurationDelegate : Finished Spring Data repository scanning in 63 ms. Found 4 JPA repository interfaces.
2026-09-15T12:52:06.945520653Z [inf]  2026-09-15T12:52:06.926Z  INFO 1 --- [MeuStudio] [           main] o.s.boot.tomcat.TomcatWebServer          : Tomcat initialized with port 8080 (http)
2026-09-15T12:52:06.945533984Z [inf]  2026-09-15T12:52:06.937Z  INFO 1 --- [MeuStudio] [           main] o.apache.catalina.core.StandardService   : Starting service [Tomcat]
2026-09-15T12:52:06.945538937Z [inf]  2026-09-15T12:52:06.937Z  INFO 1 --- [MeuStudio] [           main] o.apache.catalina.core.StandardEngine    : Starting Servlet engine: [Apache Tomcat/11.0.21]
2026-09-15T12:52:06.960251433Z [inf]  2026-09-15T12:52:06.959Z  INFO 1 --- [MeuStudio] [           main] b.w.c.s.WebApplicationContextInitializer : Root WebApplicationContext: initialization completed in 1672 ms
2026-09-15T12:52:07.716717986Z [inf]  2026-09-15T12:52:07.459Z  INFO 1 --- [MeuStudio] [           main] com.zaxxer.hikari.HikariDataSource       : HikariPool-1 - Starting...
2026-09-15T12:52:07.796293021Z [inf]  2026-09-15T12:52:07.778Z  INFO 1 --- [MeuStudio] [           main] com.zaxxer.hikari.pool.HikariPool        : HikariPool-1 - Added connection org.postgresql.jdbc.PgConnection@4a4b288a
2026-09-15T12:52:07.796302041Z [inf]  2026-09-15T12:52:07.779Z  INFO 1 --- [MeuStudio] [           main] com.zaxxer.hikari.HikariDataSource       : HikariPool-1 - Start completed.
2026-09-15T12:52:07.821392969Z [inf]  2026-09-15T12:52:07.809Z  INFO 1 --- [MeuStudio] [           main] org.flywaydb.core.FlywayExecutor         : Database: jdbc:postgresql://postgres.railway.internal:5432/railway (PostgreSQL 18.6)
2026-09-15T12:52:07.873215810Z [inf]  2026-09-15T12:52:07.870Z  INFO 1 --- [MeuStudio] [           main] o.f.core.internal.command.DbValidate     : Successfully validated 10 migrations (execution time 00:00.025s)
2026-09-15T12:52:07.954944468Z [inf]  2026-09-15T12:52:07.945Z  INFO 1 --- [MeuStudio] [           main] o.f.core.internal.command.DbMigrate      : Current version of schema "public": 10
2026-09-15T12:52:07.954950497Z [inf]  2026-09-15T12:52:07.949Z  INFO 1 --- [MeuStudio] [           main] o.f.core.internal.command.DbMigrate      : Schema "public" is up to date. No migration necessary.
2026-09-15T12:52:08.043808055Z [inf]  2026-09-15T12:52:08.038Z  INFO 1 --- [MeuStudio] [           main] org.hibernate.orm.jpa                    : HHH008540: Processing PersistenceUnitInfo [name: default]
2026-09-15T12:52:08.096317752Z [inf]  2026-09-15T12:52:08.090Z  INFO 1 --- [MeuStudio] [           main] org.hibernate.orm.core                   : HHH000001: Hibernate ORM core version 7.2.12.Final
2026-09-15T12:52:08.785965867Z [inf]  	Isolation level: READ_COMMITTED [default READ_COMMITTED]
2026-09-15T12:52:08.785974204Z [inf]  	JDBC fetch size: none
2026-09-15T12:52:08.785978696Z [inf]  	Pool: DataSourceConnectionProvider
2026-09-15T12:52:08.785982158Z [inf]  	Minimum pool size: undefined/unknown
2026-09-15T12:52:08.785986236Z [inf]  	Maximum pool size: undefined/unknown
2026-09-15T12:52:08.785990076Z [inf]  2026-09-15T12:52:08.524Z  INFO 1 --- [MeuStudio] [           main] o.s.o.j.p.SpringPersistenceUnitInfo      : No LoadTimeWeaver setup: ignoring JPA class transformer
2026-09-15T12:52:08.785993092Z [inf]  2026-09-15T12:52:08.681Z  INFO 1 --- [MeuStudio] [           main] org.hibernate.orm.connections.pooling    : HHH10001005: Database info:
2026-09-15T12:52:08.785998378Z [inf]  	Database JDBC URL [jdbc:postgresql://postgres.railway.internal:5432/railway]
2026-09-15T12:52:08.786001475Z [inf]  	Database driver: PostgreSQL JDBC Driver
2026-09-15T12:52:08.786004472Z [inf]  	Database dialect: PostgreSQLDialect
2026-09-15T12:52:08.786007745Z [inf]  	Database version: 18.6
2026-09-15T12:52:08.786010584Z [inf]  	Default catalog/schema: railway/public
2026-09-15T12:52:08.786013455Z [inf]  	Autocommit mode: undefined/unknown
2026-09-15T12:52:09.408383004Z [inf]  2026-09-15T12:52:09.391Z  INFO 1 --- [MeuStudio] [           main] org.hibernate.orm.core                   : HHH000489: No JTA platform available (set 'hibernate.transaction.jta.platform' to enable JTA platform integration)
2026-09-15T12:52:09.433146784Z [inf]  2026-09-15T12:52:09.427Z  INFO 1 --- [MeuStudio] [           main] j.LocalContainerEntityManagerFactoryBean : Initialized JPA EntityManagerFactory for persistence unit 'default'
2026-09-15T12:52:09.805916375Z [inf]  2026-09-15T12:52:09.496Z  INFO 1 --- [MeuStudio] [           main] o.s.d.j.r.query.QueryEnhancerFactories   : Hibernate is in classpath; If applicable, HQL parser will be used.
2026-09-15T12:52:10.175529915Z [inf]  2026-09-15T12:52:10.158Z  WARN 1 --- [MeuStudio] [           main] ConfigServletWebServerApplicationContext : Exception encountered during context initialization - cancelling refresh attempt: org.springframework.beans.factory.UnsatisfiedDependencyException: Error creating bean with name 'financeiroController' defined in URL [jar:nested:/app/target/MeuStudio-0.0.1-SNAPSHOT.jar/!BOOT-INF/classes/!/com/example/meustudio/financeiro/FinanceiroController.class]: Unsatisfied dependency expressed through constructor parameter 0: Error creating bean with name 'financeiroService' defined in URL [jar:nested:/app/target/MeuStudio-0.0.1-SNAPSHOT.jar/!BOOT-INF/classes/!/com/example/meustudio/financeiro/FinanceiroService.class]: Failed to instantiate [com.example.meustudio.financeiro.FinanceiroService]: No default constructor found
2026-09-15T12:52:10.175535968Z [inf]  2026-09-15T12:52:10.159Z  INFO 1 --- [MeuStudio] [           main] j.LocalContainerEntityManagerFactoryBean : Closing JPA EntityManagerFactory for persistence unit 'default'
2026-09-15T12:52:10.175539958Z [inf]  2026-09-15T12:52:10.161Z  INFO 1 --- [MeuStudio] [           main] com.zaxxer.hikari.HikariDataSource       : HikariPool-1 - Shutdown initiated...
2026-09-15T12:52:10.199966070Z [inf]  2026-09-15T12:52:10.191Z  INFO 1 --- [MeuStudio] [           main] com.zaxxer.hikari.HikariDataSource       : HikariPool-1 - Shutdown completed.
2026-09-15T12:52:10.199971810Z [inf]  2026-09-15T12:52:10.194Z  INFO 1 --- [MeuStudio] [           main] o.apache.catalina.core.StandardService   : Stopping service [Tomcat]
2026-09-15T12:52:10.206705899Z [inf]  2026-09-15T12:52:10.201Z  INFO 1 --- [MeuStudio] [           main] .s.b.a.l.ConditionEvaluationReportLogger : 
2026-09-15T12:52:10.206711025Z [inf]  
2026-09-15T12:52:10.206714947Z [inf]  Error starting ApplicationContext. To display the condition evaluation report re-run your application with 'debug' enabled.
2026-09-15T12:52:10.220560430Z [inf]  2026-09-15T12:52:10.213Z ERROR 1 --- [MeuStudio] [           main] o.s.boot.SpringApplication               : Application run failed
2026-09-15T12:52:10.220570525Z [inf]  
2026-09-15T12:52:10.220574515Z [inf]  org.springframework.beans.factory.UnsatisfiedDependencyException: Error creating bean with name 'financeiroController' defined in URL [jar:nested:/app/target/MeuStudio-0.0.1-SNAPSHOT.jar/!BOOT-INF/classes/!/com/example/meustudio/financeiro/FinanceiroController.class]: Unsatisfied dependency expressed through constructor parameter 0: Error creating bean with name 'financeiroService' defined in URL [jar:nested:/app/target/MeuStudio-0.0.1-SNAPSHOT.jar/!BOOT-INF/classes/!/com/example/meustudio/financeiro/FinanceiroService.class]: Failed to instantiate [com.example.meustudio.financeiro.FinanceiroService]: No default constructor found
2026-09-15T12:52:10.220577605Z [inf]  	at org.springframework.beans.factory.support.ConstructorResolver.createArgumentArray(ConstructorResolver.java:804) ~[spring-beans-7.0.7.jar!/:7.0.7]
2026-09-15T12:52:10.220580464Z [inf]  	at org.springframework.beans.factory.support.ConstructorResolver.autowireConstructor(ConstructorResolver.java:240) ~[spring-beans-7.0.7.jar!/:7.0.7]
2026-09-15T12:52:10.220584602Z [inf]  	at org.springframework.beans.factory.support.AbstractAutowireCapableBeanFactory.autowireConstructor(AbstractAutowireCapableBeanFactory.java:1382) ~[spring-beans-7.0.7.jar!/:7.0.7]
2026-09-15T12:52:10.220588332Z [inf]  	at org.springframework.beans.factory.support.AbstractAutowireCapableBeanFactory.createBeanInstance(AbstractAutowireCapableBeanFactory.java:1221) ~[spring-beans-7.0.7.jar!/:7.0.7]
2026-09-15T12:52:10.220593220Z [inf]  	at org.springframework.beans.factory.support.AbstractAutowireCapableBeanFactory.doCreateBean(AbstractAutowireCapableBeanFactory.java:565) ~[spring-beans-7.0.7.jar!/:7.0.7]
2026-09-15T12:52:10.220595993Z [inf]  	at org.springframework.beans.factory.support.AbstractAutowireCapableBeanFactory.createBean(AbstractAutowireCapableBeanFactory.java:525) ~[spring-beans-7.0.7.jar!/:7.0.7]
2026-09-15T12:52:10.222475731Z [inf]  	at org.springframework.context.support.AbstractApplicationContext.finishBeanFactoryInitialization(AbstractApplicationContext.java:994) ~[spring-context-7.0.7.jar!/:7.0.7]
2026-09-15T12:52:10.222481751Z [inf]  	at org.springframework.context.support.AbstractApplicationContext.refresh(AbstractApplicationContext.java:621) ~[spring-context-7.0.7.jar!/:7.0.7]
2026-09-15T12:52:10.222483272Z [inf]  	at org.springframework.beans.factory.support.AbstractBeanFactory.lambda$doGetBean$0(AbstractBeanFactory.java:333) ~[spring-beans-7.0.7.jar!/:7.0.7]
2026-09-15T12:52:10.222486978Z [inf]  	at org.springframework.boot.web.server.servlet.context.ServletWebServerApplicationContext.refresh(ServletWebServerApplicationContext.java:143) ~[spring-boot-web-server-4.0.6.jar!/:4.0.6]
2026-09-15T12:52:10.222491347Z [inf]  	at org.springframework.beans.factory.support.DefaultSingletonBeanRegistry.getSingleton(DefaultSingletonBeanRegistry.java:371) ~[spring-beans-7.0.7.jar!/:7.0.7]
2026-09-15T12:52:10.222492433Z [inf]  	at org.springframework.boot.SpringApplication.refresh(SpringApplication.java:756) ~[spring-boot-4.0.6.jar!/:4.0.6]
2026-09-15T12:52:10.222496224Z [inf]  	at org.springframework.beans.factory.support.AbstractBeanFactory.doGetBean(AbstractBeanFactory.java:331) ~[spring-beans-7.0.7.jar!/:7.0.7]
2026-09-15T12:52:10.222499204Z [inf]  	at org.springframework.beans.factory.support.AbstractBeanFactory.getBean(AbstractBeanFactory.java:196) ~[spring-beans-7.0.7.jar!/:7.0.7]
2026-09-15T12:52:10.222502706Z [inf]  	at org.springframework.beans.factory.support.DefaultListableBeanFactory.instantiateSingleton(DefaultListableBeanFactory.java:1218) ~[spring-beans-7.0.7.jar!/:7.0.7]
2026-09-15T12:52:10.222505726Z [inf]  	at org.springframework.beans.factory.support.DefaultListableBeanFactory.preInstantiateSingleton(DefaultListableBeanFactory.java:1184) ~[spring-beans-7.0.7.jar!/:7.0.7]
2026-09-15T12:52:10.222508722Z [inf]  	at org.springframework.beans.factory.support.DefaultListableBeanFactory.preInstantiateSingletons(DefaultListableBeanFactory.java:1121) ~[spring-beans-7.0.7.jar!/:7.0.7]
2026-09-15T12:52:10.223987230Z [inf]  	at org.springframework.boot.SpringApplication.refreshContext(SpringApplication.java:445) ~[spring-boot-4.0.6.jar!/:4.0.6]
2026-09-15T12:52:10.223991169Z [inf]  	at org.springframework.boot.SpringApplication.run(SpringApplication.java:321) ~[spring-boot-4.0.6.jar!/:4.0.6]
2026-09-15T12:52:10.223994244Z [inf]  	at org.springframework.boot.SpringApplication.run(SpringApplication.java:1365) ~[spring-boot-4.0.6.jar!/:4.0.6]
2026-09-15T12:52:10.223997110Z [inf]  	at org.springframework.boot.SpringApplication.run(SpringApplication.java:1354) ~[spring-boot-4.0.6.jar!/:4.0.6]
2026-09-15T12:52:10.224000195Z [inf]  	at com.example.meustudio.MeuStudioApplication.main(MeuStudioApplication.java:14) ~[!/:0.0.1-SNAPSHOT]
2026-09-15T12:52:10.224002893Z [inf]  	at java.base/jdk.internal.reflect.DirectMethodHandleAccessor.invoke(DirectMethodHandleAccessor.java:104) ~[na:na]
2026-09-15T12:52:10.224005555Z [inf]  	at java.base/java.lang.reflect.Method.invoke(Method.java:565) ~[na:na]
2026-09-15T12:52:10.224008517Z [inf]  	at org.springframework.boot.loader.launch.Launcher.launch(Launcher.java:106) ~[MeuStudio-0.0.1-SNAPSHOT.jar:0.0.1-SNAPSHOT]
2026-09-15T12:52:10.224011259Z [inf]  	at org.springframework.boot.loader.launch.Launcher.launch(Launcher.java:64) ~[MeuStudio-0.0.1-SNAPSHOT.jar:0.0.1-SNAPSHOT]
2026-09-15T12:52:10.224014195Z [inf]  	at org.springframework.boot.loader.launch.JarLauncher.main(JarLauncher.java:40) ~[MeuStudio-0.0.1-SNAPSHOT.jar:0.0.1-SNAPSHOT]
2026-09-15T12:52:10.224017851Z [inf]  Caused by: org.springframework.beans.factory.BeanCreationException: Error creating bean with name 'financeiroService' defined in URL [jar:nested:/app/target/MeuStudio-0.0.1-SNAPSHOT.jar/!BOOT-INF/classes/!/com/example/meustudio/financeiro/FinanceiroService.class]: Failed to instantiate [com.example.meustudio.financeiro.FinanceiroService]: No default constructor found
2026-09-15T12:52:10.224021694Z [inf]  	at org.springframework.beans.factory.support.AbstractAutowireCapableBeanFactory.instantiateBean(AbstractAutowireCapableBeanFactory.java:1344) ~[spring-beans-7.0.7.jar!/:7.0.7]
2026-09-15T12:52:10.225655501Z [inf]  	at org.springframework.beans.factory.support.AbstractAutowireCapableBeanFactory.createBeanInstance(AbstractAutowireCapableBeanFactory.java:1231) ~[spring-beans-7.0.7.jar!/:7.0.7]
2026-09-15T12:52:10.225659989Z [inf]  	at org.springframework.beans.factory.support.AbstractAutowireCapableBeanFactory.doCreateBean(AbstractAutowireCapableBeanFactory.java:565) ~[spring-beans-7.0.7.jar!/:7.0.7]
2026-09-15T12:52:10.225663740Z [inf]  	at org.springframework.beans.factory.support.AbstractAutowireCapableBeanFactory.createBean(AbstractAutowireCapableBeanFactory.java:525) ~[spring-beans-7.0.7.jar!/:7.0.7]
2026-09-15T12:52:10.225668111Z [inf]  	at org.springframework.beans.factory.support.AbstractBeanFactory.lambda$doGetBean$0(AbstractBeanFactory.java:333) ~[spring-beans-7.0.7.jar!/:7.0.7]
2026-09-15T12:52:10.225671739Z [inf]  	at org.springframework.beans.factory.support.DefaultSingletonBeanRegistry.getSingleton(DefaultSingletonBeanRegistry.java:371) ~[spring-beans-7.0.7.jar!/:7.0.7]
2026-09-15T12:52:10.225675073Z [inf]  	at org.springframework.beans.factory.support.AbstractBeanFactory.doGetBean(AbstractBeanFactory.java:331) ~[spring-beans-7.0.7.jar!/:7.0.7]
2026-09-15T12:52:10.225678368Z [inf]  	at org.springframework.beans.factory.support.AbstractBeanFactory.getBean(AbstractBeanFactory.java:201) ~[spring-beans-7.0.7.jar!/:7.0.7]
2026-09-15T12:52:10.225681766Z [inf]  	at org.springframework.beans.factory.support.DefaultListableBeanFactory.resolveBean(DefaultListableBeanFactory.java:1225) ~[spring-beans-7.0.7.jar!/:7.0.7]
2026-09-15T12:52:10.225685240Z [inf]  	at org.springframework.beans.factory.support.DefaultListableBeanFactory.doResolveDependency(DefaultListableBeanFactory.java:1704) ~[spring-beans-7.0.7.jar!/:7.0.7]
2026-09-15T12:52:10.225689480Z [inf]  	at org.springframework.beans.factory.support.DefaultListableBeanFactory.resolveDependency(DefaultListableBeanFactory.java:1651) ~[spring-beans-7.0.7.jar!/:7.0.7]
2026-09-15T12:52:10.225694145Z [inf]  	at org.springframework.beans.factory.support.ConstructorResolver.resolveAutowiredArgument(ConstructorResolver.java:912) ~[spring-beans-7.0.7.jar!/:7.0.7]
2026-09-15T12:52:10.227407846Z [inf]  
2026-09-15T12:52:10.227416877Z [inf]  	at org.springframework.beans.factory.support.ConstructorResolver.createArgumentArray(ConstructorResolver.java:791) ~[spring-beans-7.0.7.jar!/:7.0.7]
2026-09-15T12:52:10.227420866Z [inf]  	... 26 common frames omitted
2026-09-15T12:52:10.227423757Z [inf]  Caused by: org.springframework.beans.BeanInstantiationException: Failed to instantiate [com.example.meustudio.financeiro.FinanceiroService]: No default constructor found
2026-09-15T12:52:10.227426973Z [inf]  	at org.springframework.beans.factory.support.SimpleInstantiationStrategy.instantiate(SimpleInstantiationStrategy.java:102) ~[spring-beans-7.0.7.jar!/:7.0.7]
2026-09-15T12:52:10.227430223Z [inf]  	at org.springframework.beans.factory.support.AbstractAutowireCapableBeanFactory.instantiateBean(AbstractAutowireCapableBeanFactory.java:1338) ~[spring-beans-7.0.7.jar!/:7.0.7]
2026-09-15T12:52:10.227433176Z [inf]  	... 38 common frames omitted
2026-09-15T12:52:10.227436134Z [inf]  Caused by: java.lang.NoSuchMethodException: com.example.meustudio.financeiro.FinanceiroService.<init>()
2026-09-15T12:52:10.227438759Z [inf]  	at java.base/java.lang.Class.getConstructor0(Class.java:3187) ~[na:na]
2026-09-15T12:52:10.227441591Z [inf]  	at java.base/java.lang.Class.getDeclaredConstructor(Class.java:2491) ~[na:na]
2026-09-15T12:52:10.227444563Z [inf]  	at org.springframework.beans.factory.support.SimpleInstantiationStrategy.instantiate(SimpleInstantiationStrategy.java:98) ~[spring-beans-7.0.7.jar!/:7.0.7]
2026-09-15T12:52:10.227448492Z [inf]  	... 39 common frames omitted
2026-09-15T12:52:11.930194579Z [inf]  
2026-09-15T12:52:11.930199822Z [inf]    .   ____          _            __ _ _
2026-09-15T12:52:11.930203682Z [inf]   /\\ / ___'_ __ _ _(_)_ __  __ _ \ \ \ \
2026-09-15T12:52:11.930207296Z [inf]  ( ( )\___ | '_ | '_| | '_ \/ _` | \ \ \ \
2026-09-15T12:52:11.930210576Z [inf]   \\/  ___)| |_)| | | | | || (_| |  ) ) ) )
2026-09-15T12:52:11.930213789Z [inf]    '  |____| .__|_| |_|_| |_\__, | / / / /
2026-09-15T12:52:11.930217040Z [inf]   =========|_|==============|___/=/_/_/_/
2026-09-15T12:52:11.930220070Z [inf]  
2026-09-15T12:52:11.930223199Z [inf]   :: Spring Boot ::                (v4.0.6)
2026-09-15T12:52:11.930226427Z [inf]  
2026-09-15T12:52:12.024485098Z [inf]  2026-09-15T12:52:12.011Z  INFO 1 --- [MeuStudio] [           main] c.e.meustudio.MeuStudioApplication       : Starting MeuStudioApplication v0.0.1-SNAPSHOT using Java 25.0.2 with PID 1 (/app/target/MeuStudio-0.0.1-SNAPSHOT.jar started by root in /app)
2026-09-15T12:52:12.024496735Z [inf]  2026-09-15T12:52:12.015Z  INFO 1 --- [MeuStudio] [           main] c.e.meustudio.MeuStudioApplication       : No active profile set, falling back to 1 default profile: "default"
2026-09-15T12:52:13.057400895Z [inf]  2026-09-15T12:52:13.053Z  INFO 1 --- [MeuStudio] [           main] .s.d.r.c.RepositoryConfigurationDelegate : Bootstrapping Spring Data JPA repositories in DEFAULT mode.
2026-09-15T12:52:13.119020096Z [inf]  2026-09-15T12:52:13.117Z  INFO 1 --- [MeuStudio] [           main] .s.d.r.c.RepositoryConfigurationDelegate : Finished Spring Data repository scanning in 55 ms. Found 4 JPA repository interfaces.
2026-09-15T12:52:13.887289507Z [inf]  2026-09-15T12:52:13.678Z  INFO 1 --- [MeuStudio] [           main] o.s.boot.tomcat.TomcatWebServer          : Tomcat initialized with port 8080 (http)
2026-09-15T12:52:13.887294622Z [inf]  2026-09-15T12:52:13.695Z  INFO 1 --- [MeuStudio] [           main] o.apache.catalina.core.StandardService   : Starting service [Tomcat]
2026-09-15T12:52:13.887299839Z [inf]  2026-09-15T12:52:13.695Z  INFO 1 --- [MeuStudio] [           main] o.apache.catalina.core.StandardEngine    : Starting Servlet engine: [Apache Tomcat/11.0.21]
2026-09-15T12:52:13.887308181Z [inf]  2026-09-15T12:52:13.713Z  INFO 1 --- [MeuStudio] [           main] b.w.c.s.WebApplicationContextInitializer : Root WebApplicationContext: initialization completed in 1607 ms
2026-09-15T12:52:14.206816466Z [inf]  2026-09-15T12:52:14.197Z  INFO 1 --- [MeuStudio] [           main] com.zaxxer.hikari.HikariDataSource       : HikariPool-1 - Starting...
2026-09-15T12:52:14.539078688Z [inf]  2026-09-15T12:52:14.535Z  INFO 1 --- [MeuStudio] [           main] com.zaxxer.hikari.pool.HikariPool        : HikariPool-1 - Added connection org.postgresql.jdbc.PgConnection@4a4b288a
2026-09-15T12:52:14.539085041Z [inf]  2026-09-15T12:52:14.536Z  INFO 1 --- [MeuStudio] [           main] com.zaxxer.hikari.HikariDataSource       : HikariPool-1 - Start completed.
2026-09-15T12:52:14.870755237Z [inf]  2026-09-15T12:52:14.563Z  INFO 1 --- [MeuStudio] [           main] org.flywaydb.core.FlywayExecutor         : Database: jdbc:postgresql://postgres.railway.internal:5432/railway (PostgreSQL 18.6)
2026-09-15T12:52:14.870757980Z [inf]  2026-09-15T12:52:14.619Z  INFO 1 --- [MeuStudio] [           main] o.f.core.internal.command.DbValidate     : Successfully validated 10 migrations (execution time 00:00.025s)
2026-09-15T12:52:14.870760760Z [inf]  2026-09-15T12:52:14.689Z  INFO 1 --- [MeuStudio] [           main] o.f.core.internal.command.DbMigrate      : Current version of schema "public": 10
2026-09-15T12:52:14.870767058Z [inf]  2026-09-15T12:52:14.694Z  INFO 1 --- [MeuStudio] [           main] o.f.core.internal.command.DbMigrate      : Schema "public" is up to date. No migration necessary.
2026-09-15T12:52:14.870769963Z [inf]  2026-09-15T12:52:14.792Z  INFO 1 --- [MeuStudio] [           main] org.hibernate.orm.jpa                    : HHH008540: Processing PersistenceUnitInfo [name: default]
2026-09-15T12:52:14.870772613Z [inf]  2026-09-15T12:52:14.837Z  INFO 1 --- [MeuStudio] [           main] org.hibernate.orm.core                   : HHH000001: Hibernate ORM core version 7.2.12.Final
2026-09-15T12:52:15.252246523Z [inf]  2026-09-15T12:52:15.248Z  INFO 1 --- [MeuStudio] [           main] o.s.o.j.p.SpringPersistenceUnitInfo      : No LoadTimeWeaver setup: ignoring JPA class transformer
2026-09-15T12:52:15.425089988Z [inf]  2026-09-15T12:52:15.414Z  INFO 1 --- [MeuStudio] [           main] org.hibernate.orm.connections.pooling    : HHH10001005: Database info:
2026-09-15T12:52:15.425092948Z [inf]  	Database JDBC URL [jdbc:postgresql://postgres.railway.internal:5432/railway]
2026-09-15T12:52:15.425095752Z [inf]  	Database driver: PostgreSQL JDBC Driver
2026-09-15T12:52:15.425099144Z [inf]  	Database dialect: PostgreSQLDialect
2026-09-15T12:52:15.425101968Z [inf]  	Database version: 18.6
2026-09-15T12:52:15.425104548Z [inf]  	Default catalog/schema: railway/public
2026-09-15T12:52:15.425108023Z [inf]  	Autocommit mode: undefined/unknown
2026-09-15T12:52:15.425110605Z [inf]  	Isolation level: READ_COMMITTED [default READ_COMMITTED]
2026-09-15T12:52:15.425115788Z [inf]  	JDBC fetch size: none
2026-09-15T12:52:15.425119390Z [inf]  	Pool: DataSourceConnectionProvider
2026-09-15T12:52:15.425122307Z [inf]  	Minimum pool size: undefined/unknown
2026-09-15T12:52:15.425125166Z [inf]  	Maximum pool size: undefined/unknown
2026-09-15T12:52:16.146284243Z [inf]  2026-09-15T12:52:16.136Z  INFO 1 --- [MeuStudio] [           main] org.hibernate.orm.core                   : HHH000489: No JTA platform available (set 'hibernate.transaction.jta.platform' to enable JTA platform integration)
2026-09-15T12:52:16.190833610Z [inf]  2026-09-15T12:52:16.172Z  INFO 1 --- [MeuStudio] [           main] j.LocalContainerEntityManagerFactoryBean : Initialized JPA EntityManagerFactory for persistence unit 'default'
2026-09-15T12:52:16.268110207Z [inf]  2026-09-15T12:52:16.241Z  INFO 1 --- [MeuStudio] [           main] o.s.d.j.r.query.QueryEnhancerFactories   : Hibernate is in classpath; If applicable, HQL parser will be used.
2026-09-15T12:52:17.076032229Z [inf]  Error starting ApplicationContext. To display the condition evaluation report re-run your application with 'debug' enabled.
2026-09-15T12:52:17.076039730Z [inf]  2026-09-15T12:52:16.912Z ERROR 1 --- [MeuStudio] [           main] o.s.boot.SpringApplication               : Application run failed
2026-09-15T12:52:17.076056491Z [inf]  2026-09-15T12:52:16.894Z  INFO 1 --- [MeuStudio] [           main] com.zaxxer.hikari.HikariDataSource       : HikariPool-1 - Shutdown completed.
2026-09-15T12:52:17.076063879Z [inf]  2026-09-15T12:52:16.896Z  INFO 1 --- [MeuStudio] [           main] o.apache.catalina.core.StandardService   : Stopping service [Tomcat]
2026-09-15T12:52:17.076068333Z [inf]  2026-09-15T12:52:16.903Z  INFO 1 --- [MeuStudio] [           main] .s.b.a.l.ConditionEvaluationReportLogger : 
2026-09-15T12:52:17.076075240Z [inf]  2026-09-15T12:52:16.878Z  WARN 1 --- [MeuStudio] [           main] ConfigServletWebServerApplicationContext : Exception encountered during context initialization - cancelling refresh attempt: org.springframework.beans.factory.UnsatisfiedDependencyException: Error creating bean with name 'financeiroController' defined in URL [jar:nested:/app/target/MeuStudio-0.0.1-SNAPSHOT.jar/!BOOT-INF/classes/!/com/example/meustudio/financeiro/FinanceiroController.class]: Unsatisfied dependency expressed through constructor parameter 0: Error creating bean with name 'financeiroService' defined in URL [jar:nested:/app/target/MeuStudio-0.0.1-SNAPSHOT.jar/!BOOT-INF/classes/!/com/example/meustudio/financeiro/FinanceiroService.class]: Failed to instantiate [com.example.meustudio.financeiro.FinanceiroService]: No default constructor found
2026-09-15T12:52:17.076079684Z [inf]  2026-09-15T12:52:16.879Z  INFO 1 --- [MeuStudio] [           main] j.LocalContainerEntityManagerFactoryBean : Closing JPA EntityManagerFactory for persistence unit 'default'
2026-09-15T12:52:17.076082404Z [inf]  
2026-09-15T12:52:17.076085077Z [inf]  2026-09-15T12:52:16.881Z  INFO 1 --- [MeuStudio] [           main] com.zaxxer.hikari.HikariDataSource       : HikariPool-1 - Shutdown initiated...
2026-09-15T12:52:17.076461385Z [inf]  
2026-09-15T12:52:17.076465275Z [inf]  org.springframework.beans.factory.UnsatisfiedDependencyException: Error creating bean with name 'financeiroController' defined in URL [jar:nested:/app/target/MeuStudio-0.0.1-SNAPSHOT.jar/!BOOT-INF/classes/!/com/example/meustudio/financeiro/FinanceiroController.class]: Unsatisfied dependency expressed through constructor parameter 0: Error creating bean with name 'financeiroService' defined in URL [jar:nested:/app/target/MeuStudio-0.0.1-SNAPSHOT.jar/!BOOT-INF/classes/!/com/example/meustudio/financeiro/FinanceiroService.class]: Failed to instantiate [com.example.meustudio.financeiro.FinanceiroService]: No default constructor found
2026-09-15T12:52:17.076468953Z [inf]  	at org.springframework.beans.factory.support.ConstructorResolver.createArgumentArray(ConstructorResolver.java:804) ~[spring-beans-7.0.7.jar!/:7.0.7]
2026-09-15T12:52:17.076472334Z [inf]  	at org.springframework.beans.factory.support.ConstructorResolver.autowireConstructor(ConstructorResolver.java:240) ~[spring-beans-7.0.7.jar!/:7.0.7]
2026-09-15T12:52:17.076475755Z [inf]  	at org.springframework.beans.factory.support.AbstractAutowireCapableBeanFactory.autowireConstructor(AbstractAutowireCapableBeanFactory.java:1382) ~[spring-beans-7.0.7.jar!/:7.0.7]
2026-09-15T12:52:17.076479029Z [inf]  	at org.springframework.beans.factory.support.AbstractAutowireCapableBeanFactory.createBeanInstance(AbstractAutowireCapableBeanFactory.java:1221) ~[spring-beans-7.0.7.jar!/:7.0.7]
2026-09-15T12:52:17.076482582Z [inf]  	at org.springframework.beans.factory.support.AbstractAutowireCapableBeanFactory.doCreateBean(AbstractAutowireCapableBeanFactory.java:565) ~[spring-beans-7.0.7.jar!/:7.0.7]
2026-09-15T12:52:17.076485861Z [inf]  	at org.springframework.beans.factory.support.AbstractAutowireCapableBeanFactory.createBean(AbstractAutowireCapableBeanFactory.java:525) ~[spring-beans-7.0.7.jar!/:7.0.7]
2026-09-15T12:52:17.076489332Z [inf]  	at org.springframework.beans.factory.support.AbstractBeanFactory.lambda$doGetBean$0(AbstractBeanFactory.java:333) ~[spring-beans-7.0.7.jar!/:7.0.7]
2026-09-15T12:52:17.077781377Z [inf]  	at org.springframework.context.support.AbstractApplicationContext.refresh(AbstractApplicationContext.java:621) ~[spring-context-7.0.7.jar!/:7.0.7]
2026-09-15T12:52:17.077786235Z [inf]  	at org.springframework.boot.web.server.servlet.context.ServletWebServerApplicationContext.refresh(ServletWebServerApplicationContext.java:143) ~[spring-boot-web-server-4.0.6.jar!/:4.0.6]
2026-09-15T12:52:17.077790193Z [inf]  	at org.springframework.beans.factory.support.DefaultSingletonBeanRegistry.getSingleton(DefaultSingletonBeanRegistry.java:371) ~[spring-beans-7.0.7.jar!/:7.0.7]
2026-09-15T12:52:17.077790471Z [inf]  	at org.springframework.boot.SpringApplication.refresh(SpringApplication.java:756) ~[spring-boot-4.0.6.jar!/:4.0.6]
2026-09-15T12:52:17.077795876Z [inf]  	at org.springframework.boot.SpringApplication.refreshContext(SpringApplication.java:445) ~[spring-boot-4.0.6.jar!/:4.0.6]
2026-09-15T12:52:17.077798404Z [inf]  	at org.springframework.beans.factory.support.AbstractBeanFactory.doGetBean(AbstractBeanFactory.java:331) ~[spring-beans-7.0.7.jar!/:7.0.7]
2026-09-15T12:52:17.077802839Z [inf]  	at org.springframework.beans.factory.support.AbstractBeanFactory.getBean(AbstractBeanFactory.java:196) ~[spring-beans-7.0.7.jar!/:7.0.7]
2026-09-15T12:52:17.077806872Z [inf]  	at org.springframework.beans.factory.support.DefaultListableBeanFactory.instantiateSingleton(DefaultListableBeanFactory.java:1218) ~[spring-beans-7.0.7.jar!/:7.0.7]
2026-09-15T12:52:17.077810793Z [inf]  	at org.springframework.beans.factory.support.DefaultListableBeanFactory.preInstantiateSingleton(DefaultListableBeanFactory.java:1184) ~[spring-beans-7.0.7.jar!/:7.0.7]
2026-09-15T12:52:17.077814938Z [inf]  	at org.springframework.beans.factory.support.DefaultListableBeanFactory.preInstantiateSingletons(DefaultListableBeanFactory.java:1121) ~[spring-beans-7.0.7.jar!/:7.0.7]
2026-09-15T12:52:17.077823363Z [inf]  	at org.springframework.context.support.AbstractApplicationContext.finishBeanFactoryInitialization(AbstractApplicationContext.java:994) ~[spring-context-7.0.7.jar!/:7.0.7]
2026-09-15T12:52:17.079208776Z [inf]  	at org.springframework.boot.SpringApplication.run(SpringApplication.java:321) ~[spring-boot-4.0.6.jar!/:4.0.6]
2026-09-15T12:52:17.079213191Z [inf]  	at org.springframework.boot.SpringApplication.run(SpringApplication.java:1365) ~[spring-boot-4.0.6.jar!/:4.0.6]
2026-09-15T12:52:17.079217678Z [inf]  	at org.springframework.boot.SpringApplication.run(SpringApplication.java:1354) ~[spring-boot-4.0.6.jar!/:4.0.6]
2026-09-15T12:52:17.079220999Z [inf]  	at com.example.meustudio.MeuStudioApplication.main(MeuStudioApplication.java:14) ~[!/:0.0.1-SNAPSHOT]
2026-09-15T12:52:17.079224453Z [inf]  	at java.base/jdk.internal.reflect.DirectMethodHandleAccessor.invoke(DirectMethodHandleAccessor.java:104) ~[na:na]
2026-09-15T12:52:17.079228273Z [inf]  	at java.base/java.lang.reflect.Method.invoke(Method.java:565) ~[na:na]
2026-09-15T12:52:17.079231270Z [inf]  	at org.springframework.boot.loader.launch.Launcher.launch(Launcher.java:106) ~[MeuStudio-0.0.1-SNAPSHOT.jar:0.0.1-SNAPSHOT]
2026-09-15T12:52:17.079234216Z [inf]  	at org.springframework.boot.loader.launch.Launcher.launch(Launcher.java:64) ~[MeuStudio-0.0.1-SNAPSHOT.jar:0.0.1-SNAPSHOT]
2026-09-15T12:52:17.079237364Z [inf]  	at org.springframework.boot.loader.launch.JarLauncher.main(JarLauncher.java:40) ~[MeuStudio-0.0.1-SNAPSHOT.jar:0.0.1-SNAPSHOT]
2026-09-15T12:52:17.079240504Z [inf]  Caused by: org.springframework.beans.factory.BeanCreationException: Error creating bean with name 'financeiroService' defined in URL [jar:nested:/app/target/MeuStudio-0.0.1-SNAPSHOT.jar/!BOOT-INF/classes/!/com/example/meustudio/financeiro/FinanceiroService.class]: Failed to instantiate [com.example.meustudio.financeiro.FinanceiroService]: No default constructor found
2026-09-15T12:52:17.079243350Z [inf]  	at org.springframework.beans.factory.support.AbstractAutowireCapableBeanFactory.instantiateBean(AbstractAutowireCapableBeanFactory.java:1344) ~[spring-beans-7.0.7.jar!/:7.0.7]
2026-09-15T12:52:17.079249050Z [inf]  	at org.springframework.beans.factory.support.AbstractAutowireCapableBeanFactory.createBeanInstance(AbstractAutowireCapableBeanFactory.java:1231) ~[spring-beans-7.0.7.jar!/:7.0.7]
2026-09-15T12:52:17.080560270Z [inf]  	at org.springframework.beans.factory.support.AbstractAutowireCapableBeanFactory.doCreateBean(AbstractAutowireCapableBeanFactory.java:565) ~[spring-beans-7.0.7.jar!/:7.0.7]
2026-09-15T12:52:17.080567826Z [inf]  	at org.springframework.beans.factory.support.AbstractAutowireCapableBeanFactory.createBean(AbstractAutowireCapableBeanFactory.java:525) ~[spring-beans-7.0.7.jar!/:7.0.7]
2026-09-15T12:52:17.080571900Z [inf]  	at org.springframework.beans.factory.support.AbstractBeanFactory.lambda$doGetBean$0(AbstractBeanFactory.java:333) ~[spring-beans-7.0.7.jar!/:7.0.7]
2026-09-15T12:52:17.080575336Z [inf]  	at org.springframework.beans.factory.support.DefaultSingletonBeanRegistry.getSingleton(DefaultSingletonBeanRegistry.java:371) ~[spring-beans-7.0.7.jar!/:7.0.7]
2026-09-15T12:52:17.080579724Z [inf]  	at org.springframework.beans.factory.support.AbstractBeanFactory.doGetBean(AbstractBeanFactory.java:331) ~[spring-beans-7.0.7.jar!/:7.0.7]
2026-09-15T12:52:17.080584152Z [inf]  	at org.springframework.beans.factory.support.AbstractBeanFactory.getBean(AbstractBeanFactory.java:201) ~[spring-beans-7.0.7.jar!/:7.0.7]
2026-09-15T12:52:17.080587936Z [inf]  	at org.springframework.beans.factory.support.DefaultListableBeanFactory.resolveBean(DefaultListableBeanFactory.java:1225) ~[spring-beans-7.0.7.jar!/:7.0.7]
2026-09-15T12:52:17.080591677Z [inf]  	at org.springframework.beans.factory.support.DefaultListableBeanFactory.doResolveDependency(DefaultListableBeanFactory.java:1704) ~[spring-beans-7.0.7.jar!/:7.0.7]
2026-09-15T12:52:17.080597199Z [inf]  	at org.springframework.beans.factory.support.DefaultListableBeanFactory.resolveDependency(DefaultListableBeanFactory.java:1651) ~[spring-beans-7.0.7.jar!/:7.0.7]
2026-09-15T12:52:17.080600820Z [inf]  	at org.springframework.beans.factory.support.ConstructorResolver.resolveAutowiredArgument(ConstructorResolver.java:912) ~[spring-beans-7.0.7.jar!/:7.0.7]
2026-09-15T12:52:17.080604365Z [inf]  	at org.springframework.beans.factory.support.ConstructorResolver.createArgumentArray(ConstructorResolver.java:791) ~[spring-beans-7.0.7.jar!/:7.0.7]
2026-09-15T12:52:17.082046913Z [inf]  	... 26 common frames omitted
2026-09-15T12:52:17.082053547Z [inf]  Caused by: org.springframework.beans.BeanInstantiationException: Failed to instantiate [com.example.meustudio.financeiro.FinanceiroService]: No default constructor found
2026-09-15T12:52:17.082058087Z [inf]  	at org.springframework.beans.factory.support.SimpleInstantiationStrategy.instantiate(SimpleInstantiationStrategy.java:102) ~[spring-beans-7.0.7.jar!/:7.0.7]
2026-09-15T12:52:17.082062474Z [inf]  	at org.springframework.beans.factory.support.AbstractAutowireCapableBeanFactory.instantiateBean(AbstractAutowireCapableBeanFactory.java:1338) ~[spring-beans-7.0.7.jar!/:7.0.7]
2026-09-15T12:52:17.082066943Z [inf]  	... 38 common frames omitted
2026-09-15T12:52:17.082072376Z [inf]  Caused by: java.lang.NoSuchMethodException: com.example.meustudio.financeiro.FinanceiroService.<init>()
2026-09-15T12:52:17.082076460Z [inf]  	at java.base/java.lang.Class.getConstructor0(Class.java:3187) ~[na:na]
2026-09-15T12:52:17.082080634Z [inf]  	at java.base/java.lang.Class.getDeclaredConstructor(Class.java:2491) ~[na:na]
2026-09-15T12:52:17.082084846Z [inf]  	at org.springframework.beans.factory.support.SimpleInstantiationStrategy.instantiate(SimpleInstantiationStrategy.java:98) ~[spring-beans-7.0.7.jar!/:7.0.7]
2026-09-15T12:52:17.082089405Z [inf]  	... 39 common frames omitted
2026-09-15T12:52:17.082094255Z [inf]  
2026-09-15T12:52:18.615270130Z [inf]    '  |____| .__|_| |_|_| |_\__, | / / / /
2026-09-15T12:52:18.615277853Z [inf]   =========|_|==============|___/=/_/_/_/
2026-09-15T12:52:18.615291740Z [inf]  
2026-09-15T12:52:18.615295552Z [inf]   :: Spring Boot ::                (v4.0.6)
2026-09-15T12:52:18.615299413Z [inf]  
2026-09-15T12:52:18.615311626Z [inf]  
2026-09-15T12:52:18.615315463Z [inf]    .   ____          _            __ _ _
2026-09-15T12:52:18.615318136Z [inf]   /\\ / ___'_ __ _ _(_)_ __  __ _ \ \ \ \
2026-09-15T12:52:18.615320701Z [inf]  ( ( )\___ | '_ | '_| | '_ \/ _` | \ \ \ \
2026-09-15T12:52:18.615323524Z [inf]   \\/  ___)| |_)| | | | | || (_| |  ) ) ) )
2026-09-15T12:52:18.657345485Z [inf]  2026-09-15T12:52:18.649Z  INFO 1 --- [MeuStudio] [           main] c.e.meustudio.MeuStudioApplication       : Starting MeuStudioApplication v0.0.1-SNAPSHOT using Java 25.0.2 with PID 1 (/app/target/MeuStudio-0.0.1-SNAPSHOT.jar started by root in /app)
2026-09-15T12:52:18.657350394Z [inf]  2026-09-15T12:52:18.652Z  INFO 1 --- [MeuStudio] [           main] c.e.meustudio.MeuStudioApplication       : No active profile set, falling back to 1 default profile: "default"
2026-09-15T12:52:19.741205282Z [inf]  2026-09-15T12:52:19.729Z  INFO 1 --- [MeuStudio] [           main] .s.d.r.c.RepositoryConfigurationDelegate : Bootstrapping Spring Data JPA repositories in DEFAULT mode.
2026-09-15T12:52:19.819219000Z [inf]  2026-09-15T12:52:19.788Z  INFO 1 --- [MeuStudio] [           main] .s.d.r.c.RepositoryConfigurationDelegate : Finished Spring Data repository scanning in 46 ms. Found 4 JPA repository interfaces.
2026-09-15T12:52:20.304239233Z [inf]  2026-09-15T12:52:20.294Z  INFO 1 --- [MeuStudio] [           main] o.s.boot.tomcat.TomcatWebServer          : Tomcat initialized with port 8080 (http)
2026-09-15T12:52:20.304245096Z [inf]  2026-09-15T12:52:20.303Z  INFO 1 --- [MeuStudio] [           main] o.apache.catalina.core.StandardService   : Starting service [Tomcat]
2026-09-15T12:52:20.305636727Z [inf]  2026-09-15T12:52:20.303Z  INFO 1 --- [MeuStudio] [           main] o.apache.catalina.core.StandardEngine    : Starting Servlet engine: [Apache Tomcat/11.0.21]
2026-09-15T12:52:20.330182357Z [inf]  2026-09-15T12:52:20.319Z  INFO 1 --- [MeuStudio] [           main] b.w.c.s.WebApplicationContextInitializer : Root WebApplicationContext: initialization completed in 1608 ms
2026-09-15T12:52:20.799484678Z [inf]  2026-09-15T12:52:20.776Z  INFO 1 --- [MeuStudio] [           main] com.zaxxer.hikari.HikariDataSource       : HikariPool-1 - Starting...
2026-09-15T12:52:21.114122988Z [inf]  2026-09-15T12:52:21.093Z  INFO 1 --- [MeuStudio] [           main] com.zaxxer.hikari.pool.HikariPool        : HikariPool-1 - Added connection org.postgresql.jdbc.PgConnection@4a4b288a
2026-09-15T12:52:21.114126737Z [inf]  2026-09-15T12:52:21.094Z  INFO 1 --- [MeuStudio] [           main] com.zaxxer.hikari.HikariDataSource       : HikariPool-1 - Start completed.
2026-09-15T12:52:21.126409764Z [inf]  2026-09-15T12:52:21.120Z  INFO 1 --- [MeuStudio] [           main] org.flywaydb.core.FlywayExecutor         : Database: jdbc:postgresql://postgres.railway.internal:5432/railway (PostgreSQL 18.6)
2026-09-15T12:52:21.193305010Z [inf]  2026-09-15T12:52:21.173Z  INFO 1 --- [MeuStudio] [           main] o.f.core.internal.command.DbValidate     : Successfully validated 10 migrations (execution time 00:00.024s)
2026-09-15T12:52:21.271418375Z [inf]  2026-09-15T12:52:21.250Z  INFO 1 --- [MeuStudio] [           main] o.f.core.internal.command.DbMigrate      : Current version of schema "public": 10
2026-09-15T12:52:21.271426194Z [inf]  2026-09-15T12:52:21.256Z  INFO 1 --- [MeuStudio] [           main] o.f.core.internal.command.DbMigrate      : Schema "public" is up to date. No migration necessary.
2026-09-15T12:52:21.358465744Z [inf]  2026-09-15T12:52:21.342Z  INFO 1 --- [MeuStudio] [           main] org.hibernate.orm.jpa                    : HHH008540: Processing PersistenceUnitInfo [name: default]
2026-09-15T12:52:21.400745758Z [inf]  2026-09-15T12:52:21.384Z  INFO 1 --- [MeuStudio] [           main] org.hibernate.orm.core                   : HHH000001: Hibernate ORM core version 7.2.12.Final
2026-09-15T12:52:21.813773552Z [inf]  2026-09-15T12:52:21.803Z  INFO 1 --- [MeuStudio] [           main] o.s.o.j.p.SpringPersistenceUnitInfo      : No LoadTimeWeaver setup: ignoring JPA class transformer
2026-09-15T12:52:22.128902151Z [inf]  2026-09-15T12:52:21.960Z  INFO 1 --- [MeuStudio] [           main] org.hibernate.orm.connections.pooling    : HHH10001005: Database info:
2026-09-15T12:52:22.128904947Z [inf]  	Database JDBC URL [jdbc:postgresql://postgres.railway.internal:5432/railway]
2026-09-15T12:52:22.128907603Z [inf]  	Database driver: PostgreSQL JDBC Driver
2026-09-15T12:52:22.128910777Z [inf]  	Database dialect: PostgreSQLDialect
2026-09-15T12:52:22.128913923Z [inf]  	Database version: 18.6
2026-09-15T12:52:22.128916789Z [inf]  	Default catalog/schema: railway/public
2026-09-15T12:52:22.128919749Z [inf]  	Autocommit mode: undefined/unknown
2026-09-15T12:52:22.128922879Z [inf]  	Isolation level: READ_COMMITTED [default READ_COMMITTED]
2026-09-15T12:52:22.128925601Z [inf]  	JDBC fetch size: none
2026-09-15T12:52:22.128928314Z [inf]  	Pool: DataSourceConnectionProvider
2026-09-15T12:52:22.128931014Z [inf]  	Minimum pool size: undefined/unknown
2026-09-15T12:52:22.128933746Z [inf]  	Maximum pool size: undefined/unknown
2026-09-15T12:52:22.652254605Z [inf]  2026-09-15T12:52:22.643Z  INFO 1 --- [MeuStudio] [           main] org.hibernate.orm.core                   : HHH000489: No JTA platform available (set 'hibernate.transaction.jta.platform' to enable JTA platform integration)
2026-09-15T12:52:22.696100571Z [inf]  2026-09-15T12:52:22.676Z  INFO 1 --- [MeuStudio] [           main] j.LocalContainerEntityManagerFactoryBean : Initialized JPA EntityManagerFactory for persistence unit 'default'
2026-09-15T12:52:22.776140355Z [inf]  2026-09-15T12:52:22.754Z  INFO 1 --- [MeuStudio] [           main] o.s.d.j.r.query.QueryEnhancerFactories   : Hibernate is in classpath; If applicable, HQL parser will be used.
2026-09-15T12:52:23.443461684Z [inf]  2026-09-15T12:52:23.356Z  WARN 1 --- [MeuStudio] [           main] ConfigServletWebServerApplicationContext : Exception encountered during context initialization - cancelling refresh attempt: org.springframework.beans.factory.UnsatisfiedDependencyException: Error creating bean with name 'financeiroController' defined in URL [jar:nested:/app/target/MeuStudio-0.0.1-SNAPSHOT.jar/!BOOT-INF/classes/!/com/example/meustudio/financeiro/FinanceiroController.class]: Unsatisfied dependency expressed through constructor parameter 0: Error creating bean with name 'financeiroService' defined in URL [jar:nested:/app/target/MeuStudio-0.0.1-SNAPSHOT.jar/!BOOT-INF/classes/!/com/example/meustudio/financeiro/FinanceiroService.class]: Failed to instantiate [com.example.meustudio.financeiro.FinanceiroService]: No default constructor found
2026-09-15T12:52:23.443464384Z [inf]  2026-09-15T12:52:23.357Z  INFO 1 --- [MeuStudio] [           main] j.LocalContainerEntityManagerFactoryBean : Closing JPA EntityManagerFactory for persistence unit 'default'
2026-09-15T12:52:23.443467395Z [inf]  2026-09-15T12:52:23.359Z  INFO 1 --- [MeuStudio] [           main] com.zaxxer.hikari.HikariDataSource       : HikariPool-1 - Shutdown initiated...
2026-09-15T12:52:23.443470262Z [inf]  2026-09-15T12:52:23.375Z  INFO 1 --- [MeuStudio] [           main] com.zaxxer.hikari.HikariDataSource       : HikariPool-1 - Shutdown completed.
2026-09-15T12:52:23.443473113Z [inf]  2026-09-15T12:52:23.377Z  INFO 1 --- [MeuStudio] [           main] o.apache.catalina.core.StandardService   : Stopping service [Tomcat]
2026-09-15T12:52:23.443475983Z [inf]  2026-09-15T12:52:23.386Z  INFO 1 --- [MeuStudio] [           main] .s.b.a.l.ConditionEvaluationReportLogger : 
2026-09-15T12:52:23.443480713Z [inf]  
2026-09-15T12:52:23.443483516Z [inf]  Error starting ApplicationContext. To display the condition evaluation report re-run your application with 'debug' enabled.
2026-09-15T12:52:23.443486230Z [inf]  2026-09-15T12:52:23.397Z ERROR 1 --- [MeuStudio] [           main] o.s.boot.SpringApplication               : Application run failed
2026-09-15T12:52:23.445533415Z [inf]  
2026-09-15T12:52:23.445540445Z [inf]  org.springframework.beans.factory.UnsatisfiedDependencyException: Error creating bean with name 'financeiroController' defined in URL [jar:nested:/app/target/MeuStudio-0.0.1-SNAPSHOT.jar/!BOOT-INF/classes/!/com/example/meustudio/financeiro/FinanceiroController.class]: Unsatisfied dependency expressed through constructor parameter 0: Error creating bean with name 'financeiroService' defined in URL [jar:nested:/app/target/MeuStudio-0.0.1-SNAPSHOT.jar/!BOOT-INF/classes/!/com/example/meustudio/financeiro/FinanceiroService.class]: Failed to instantiate [com.example.meustudio.financeiro.FinanceiroService]: No default constructor found
2026-09-15T12:52:23.445544570Z [inf]  	at org.springframework.beans.factory.support.ConstructorResolver.createArgumentArray(ConstructorResolver.java:804) ~[spring-beans-7.0.7.jar!/:7.0.7]
2026-09-15T12:52:23.445548179Z [inf]  	at org.springframework.beans.factory.support.ConstructorResolver.autowireConstructor(ConstructorResolver.java:240) ~[spring-beans-7.0.7.jar!/:7.0.7]
2026-09-15T12:52:23.445553120Z [inf]  	at org.springframework.beans.factory.support.AbstractAutowireCapableBeanFactory.autowireConstructor(AbstractAutowireCapableBeanFactory.java:1382) ~[spring-beans-7.0.7.jar!/:7.0.7]
2026-09-15T12:52:23.445557171Z [inf]  	at org.springframework.beans.factory.support.AbstractAutowireCapableBeanFactory.createBeanInstance(AbstractAutowireCapableBeanFactory.java:1221) ~[spring-beans-7.0.7.jar!/:7.0.7]
2026-09-15T12:52:23.445560725Z [inf]  	at org.springframework.beans.factory.support.AbstractAutowireCapableBeanFactory.doCreateBean(AbstractAutowireCapableBeanFactory.java:565) ~[spring-beans-7.0.7.jar!/:7.0.7]
2026-09-15T12:52:23.445564451Z [inf]  	at org.springframework.beans.factory.support.AbstractAutowireCapableBeanFactory.createBean(AbstractAutowireCapableBeanFactory.java:525) ~[spring-beans-7.0.7.jar!/:7.0.7]
2026-09-15T12:52:23.445567697Z [inf]  	at org.springframework.beans.factory.support.AbstractBeanFactory.lambda$doGetBean$0(AbstractBeanFactory.java:333) ~[spring-beans-7.0.7.jar!/:7.0.7]
2026-09-15T12:52:23.447143359Z [inf]  	at org.springframework.beans.factory.support.DefaultSingletonBeanRegistry.getSingleton(DefaultSingletonBeanRegistry.java:371) ~[spring-beans-7.0.7.jar!/:7.0.7]
2026-09-15T12:52:23.447148793Z [inf]  	at org.springframework.beans.factory.support.AbstractBeanFactory.doGetBean(AbstractBeanFactory.java:331) ~[spring-beans-7.0.7.jar!/:7.0.7]
2026-09-15T12:52:23.447155829Z [inf]  	at org.springframework.beans.factory.support.AbstractBeanFactory.getBean(AbstractBeanFactory.java:196) ~[spring-beans-7.0.7.jar!/:7.0.7]
2026-09-15T12:52:23.447158843Z [inf]  	at org.springframework.beans.factory.support.DefaultListableBeanFactory.instantiateSingleton(DefaultListableBeanFactory.java:1218) ~[spring-beans-7.0.7.jar!/:7.0.7]
2026-09-15T12:52:23.447162193Z [inf]  	at org.springframework.beans.factory.support.DefaultListableBeanFactory.preInstantiateSingleton(DefaultListableBeanFactory.java:1184) ~[spring-beans-7.0.7.jar!/:7.0.7]
2026-09-15T12:52:23.447165222Z [inf]  	at org.springframework.beans.factory.support.DefaultListableBeanFactory.preInstantiateSingletons(DefaultListableBeanFactory.java:1121) ~[spring-beans-7.0.7.jar!/:7.0.7]
2026-09-15T12:52:23.447168259Z [inf]  	at org.springframework.context.support.AbstractApplicationContext.finishBeanFactoryInitialization(AbstractApplicationContext.java:994) ~[spring-context-7.0.7.jar!/:7.0.7]
2026-09-15T12:52:23.447171105Z [inf]  	at org.springframework.context.support.AbstractApplicationContext.refresh(AbstractApplicationContext.java:621) ~[spring-context-7.0.7.jar!/:7.0.7]
2026-09-15T12:52:23.447174394Z [inf]  	at org.springframework.boot.web.server.servlet.context.ServletWebServerApplicationContext.refresh(ServletWebServerApplicationContext.java:143) ~[spring-boot-web-server-4.0.6.jar!/:4.0.6]
2026-09-15T12:52:23.447178736Z [inf]  	at org.springframework.boot.SpringApplication.refresh(SpringApplication.java:756) ~[spring-boot-4.0.6.jar!/:4.0.6]
2026-09-15T12:52:23.447182560Z [inf]  	at org.springframework.boot.SpringApplication.refreshContext(SpringApplication.java:445) ~[spring-boot-4.0.6.jar!/:4.0.6]
2026-09-15T12:52:23.448864588Z [inf]  	at org.springframework.boot.SpringApplication.run(SpringApplication.java:321) ~[spring-boot-4.0.6.jar!/:4.0.6]
2026-09-15T12:52:23.448868983Z [inf]  	at org.springframework.boot.SpringApplication.run(SpringApplication.java:1365) ~[spring-boot-4.0.6.jar!/:4.0.6]
2026-09-15T12:52:23.448872822Z [inf]  	at org.springframework.boot.SpringApplication.run(SpringApplication.java:1354) ~[spring-boot-4.0.6.jar!/:4.0.6]
2026-09-15T12:52:23.448876069Z [inf]  	at com.example.meustudio.MeuStudioApplication.main(MeuStudioApplication.java:14) ~[!/:0.0.1-SNAPSHOT]
2026-09-15T12:52:23.448879832Z [inf]  	at java.base/jdk.internal.reflect.DirectMethodHandleAccessor.invoke(DirectMethodHandleAccessor.java:104) ~[na:na]
2026-09-15T12:52:23.448882840Z [inf]  	at java.base/java.lang.reflect.Method.invoke(Method.java:565) ~[na:na]
2026-09-15T12:52:23.448885677Z [inf]  	at org.springframework.boot.loader.launch.Launcher.launch(Launcher.java:106) ~[MeuStudio-0.0.1-SNAPSHOT.jar:0.0.1-SNAPSHOT]
2026-09-15T12:52:23.448890082Z [inf]  	at org.springframework.boot.loader.launch.Launcher.launch(Launcher.java:64) ~[MeuStudio-0.0.1-SNAPSHOT.jar:0.0.1-SNAPSHOT]
2026-09-15T12:52:23.448893180Z [inf]  	at org.springframework.boot.loader.launch.JarLauncher.main(JarLauncher.java:40) ~[MeuStudio-0.0.1-SNAPSHOT.jar:0.0.1-SNAPSHOT]
2026-09-15T12:52:23.448896685Z [inf]  Caused by: org.springframework.beans.factory.BeanCreationException: Error creating bean with name 'financeiroService' defined in URL [jar:nested:/app/target/MeuStudio-0.0.1-SNAPSHOT.jar/!BOOT-INF/classes/!/com/example/meustudio/financeiro/FinanceiroService.class]: Failed to instantiate [com.example.meustudio.financeiro.FinanceiroService]: No default constructor found
2026-09-15T12:52:23.448900140Z [inf]  	at org.springframework.beans.factory.support.AbstractAutowireCapableBeanFactory.instantiateBean(AbstractAutowireCapableBeanFactory.java:1344) ~[spring-beans-7.0.7.jar!/:7.0.7]
2026-09-15T12:52:23.448903381Z [inf]  	at org.springframework.beans.factory.support.AbstractAutowireCapableBeanFactory.createBeanInstance(AbstractAutowireCapableBeanFactory.java:1231) ~[spring-beans-7.0.7.jar!/:7.0.7]
2026-09-15T12:52:23.450591269Z [inf]  	at org.springframework.beans.factory.support.AbstractAutowireCapableBeanFactory.doCreateBean(AbstractAutowireCapableBeanFactory.java:565) ~[spring-beans-7.0.7.jar!/:7.0.7]
2026-09-15T12:52:23.450595532Z [inf]  	at org.springframework.beans.factory.support.AbstractAutowireCapableBeanFactory.createBean(AbstractAutowireCapableBeanFactory.java:525) ~[spring-beans-7.0.7.jar!/:7.0.7]
2026-09-15T12:52:23.450600661Z [inf]  	at org.springframework.beans.factory.support.AbstractBeanFactory.lambda$doGetBean$0(AbstractBeanFactory.java:333) ~[spring-beans-7.0.7.jar!/:7.0.7]
2026-09-15T12:52:23.450604000Z [inf]  	at org.springframework.beans.factory.support.DefaultSingletonBeanRegistry.getSingleton(DefaultSingletonBeanRegistry.java:371) ~[spring-beans-7.0.7.jar!/:7.0.7]
2026-09-15T12:52:23.450607415Z [inf]  	at org.springframework.beans.factory.support.AbstractBeanFactory.doGetBean(AbstractBeanFactory.java:331) ~[spring-beans-7.0.7.jar!/:7.0.7]
2026-09-15T12:52:23.450610633Z [inf]  	at org.springframework.beans.factory.support.AbstractBeanFactory.getBean(AbstractBeanFactory.java:201) ~[spring-beans-7.0.7.jar!/:7.0.7]
2026-09-15T12:52:23.450614266Z [inf]  	at org.springframework.beans.factory.support.DefaultListableBeanFactory.resolveBean(DefaultListableBeanFactory.java:1225) ~[spring-beans-7.0.7.jar!/:7.0.7]
2026-09-15T12:52:23.450617155Z [inf]  	at org.springframework.beans.factory.support.DefaultListableBeanFactory.doResolveDependency(DefaultListableBeanFactory.java:1704) ~[spring-beans-7.0.7.jar!/:7.0.7]
2026-09-15T12:52:23.450621372Z [inf]  	at org.springframework.beans.factory.support.DefaultListableBeanFactory.resolveDependency(DefaultListableBeanFactory.java:1651) ~[spring-beans-7.0.7.jar!/:7.0.7]
2026-09-15T12:52:23.450624356Z [inf]  	at org.springframework.beans.factory.support.ConstructorResolver.resolveAutowiredArgument(ConstructorResolver.java:912) ~[spring-beans-7.0.7.jar!/:7.0.7]
2026-09-15T12:52:23.450627198Z [inf]  	at org.springframework.beans.factory.support.ConstructorResolver.createArgumentArray(ConstructorResolver.java:791) ~[spring-beans-7.0.7.jar!/:7.0.7]
2026-09-15T12:52:23.452279553Z [inf]  	... 26 common frames omitted
2026-09-15T12:52:23.452285503Z [inf]  Caused by: org.springframework.beans.BeanInstantiationException: Failed to instantiate [com.example.meustudio.financeiro.FinanceiroService]: No default constructor found
2026-09-15T12:52:23.452289517Z [inf]  	at org.springframework.beans.factory.support.SimpleInstantiationStrategy.instantiate(SimpleInstantiationStrategy.java:102) ~[spring-beans-7.0.7.jar!/:7.0.7]
2026-09-15T12:52:23.452293454Z [inf]  	at org.springframework.beans.factory.support.AbstractAutowireCapableBeanFactory.instantiateBean(AbstractAutowireCapableBeanFactory.java:1338) ~[spring-beans-7.0.7.jar!/:7.0.7]
2026-09-15T12:52:23.452298240Z [inf]  	... 38 common frames omitted
2026-09-15T12:52:23.452302298Z [inf]  Caused by: java.lang.NoSuchMethodException: com.example.meustudio.financeiro.FinanceiroService.<init>()
2026-09-15T12:52:23.452305944Z [inf]  	at java.base/java.lang.Class.getConstructor0(Class.java:3187) ~[na:na]
2026-09-15T12:52:23.452309006Z [inf]  	at java.base/java.lang.Class.getDeclaredConstructor(Class.java:2491) ~[na:na]
2026-09-15T12:52:23.452311954Z [inf]  	at org.springframework.beans.factory.support.SimpleInstantiationStrategy.instantiate(SimpleInstantiationStrategy.java:98) ~[spring-beans-7.0.7.jar!/:7.0.7]
2026-09-15T12:52:23.452315079Z [inf]  	... 39 common frames omitted
2026-09-15T12:52:23.452317971Z [inf]  
2026-09-15T12:52:25.149701075Z [inf]  
2026-09-15T12:52:25.149706289Z [inf]    .   ____          _            __ _ _
2026-09-15T12:52:25.149709749Z [inf]   /\\ / ___'_ __ _ _(_)_ __  __ _ \ \ \ \
2026-09-15T12:52:25.149712604Z [inf]  ( ( )\___ | '_ | '_| | '_ \/ _` | \ \ \ \
2026-09-15T12:52:25.149715646Z [inf]   \\/  ___)| |_)| | | | | || (_| |  ) ) ) )
2026-09-15T12:52:25.149719930Z [inf]    '  |____| .__|_| |_|_| |_\__, | / / / /
2026-09-15T12:52:25.149724086Z [inf]   =========|_|==============|___/=/_/_/_/
2026-09-15T12:52:25.149728650Z [inf]  
2026-09-15T12:52:25.149733496Z [inf]   :: Spring Boot ::                (v4.0.6)
2026-09-15T12:52:25.149737769Z [inf]  
2026-09-15T12:52:25.193686377Z [inf]  2026-09-15T12:52:25.170Z  INFO 1 --- [MeuStudio] [           main] c.e.meustudio.MeuStudioApplication       : Starting MeuStudioApplication v0.0.1-SNAPSHOT using Java 25.0.2 with PID 1 (/app/target/MeuStudio-0.0.1-SNAPSHOT.jar started by root in /app)
2026-09-15T12:52:25.193689949Z [inf]  2026-09-15T12:52:25.174Z  INFO 1 --- [MeuStudio] [           main] c.e.meustudio.MeuStudioApplication       : No active profile set, falling back to 1 default profile: "default"
2026-09-15T12:52:26.244321028Z [inf]  2026-09-15T12:52:26.230Z  INFO 1 --- [MeuStudio] [           main] .s.d.r.c.RepositoryConfigurationDelegate : Bootstrapping Spring Data JPA repositories in DEFAULT mode.
2026-09-15T12:52:26.287892095Z [inf]  2026-09-15T12:52:26.284Z  INFO 1 --- [MeuStudio] [           main] .s.d.r.c.RepositoryConfigurationDelegate : Finished Spring Data repository scanning in 39 ms. Found 4 JPA repository interfaces.
2026-09-15T12:52:26.835508702Z [inf]  2026-09-15T12:52:26.821Z  INFO 1 --- [MeuStudio] [           main] o.s.boot.tomcat.TomcatWebServer          : Tomcat initialized with port 8080 (http)
2026-09-15T12:52:26.837005187Z [inf]  2026-09-15T12:52:26.835Z  INFO 1 --- [MeuStudio] [           main] o.apache.catalina.core.StandardService   : Starting service [Tomcat]
2026-09-15T12:52:26.837014619Z [inf]  2026-09-15T12:52:26.836Z  INFO 1 --- [MeuStudio] [           main] o.apache.catalina.core.StandardEngine    : Starting Servlet engine: [Apache Tomcat/11.0.21]
2026-09-15T12:52:26.863428765Z [inf]  2026-09-15T12:52:26.853Z  INFO 1 --- [MeuStudio] [           main] b.w.c.s.WebApplicationContextInitializer : Root WebApplicationContext: initialization completed in 1596 ms
2026-09-15T12:52:27.332115363Z [inf]  2026-09-15T12:52:27.330Z  INFO 1 --- [MeuStudio] [           main] com.zaxxer.hikari.HikariDataSource       : HikariPool-1 - Starting...
2026-09-15T12:52:27.694121369Z [inf]  2026-09-15T12:52:27.690Z  INFO 1 --- [MeuStudio] [           main] com.zaxxer.hikari.pool.HikariPool        : HikariPool-1 - Added connection org.postgresql.jdbc.PgConnection@2f07930a
2026-09-15T12:52:27.694133167Z [inf]  2026-09-15T12:52:27.692Z  INFO 1 --- [MeuStudio] [           main] com.zaxxer.hikari.HikariDataSource       : HikariPool-1 - Start completed.
2026-09-15T12:52:27.738108217Z [inf]  2026-09-15T12:52:27.730Z  INFO 1 --- [MeuStudio] [           main] org.flywaydb.core.FlywayExecutor         : Database: jdbc:postgresql://postgres.railway.internal:5432/railway (PostgreSQL 18.6)
2026-09-15T12:52:27.804740287Z [inf]  2026-09-15T12:52:27.794Z  INFO 1 --- [MeuStudio] [           main] o.f.core.internal.command.DbValidate     : Successfully validated 10 migrations (execution time 00:00.030s)
2026-09-15T12:52:27.882981849Z [inf]  2026-09-15T12:52:27.848Z  INFO 1 --- [MeuStudio] [           main] o.f.core.internal.command.DbMigrate      : Current version of schema "public": 10
2026-09-15T12:52:27.882986819Z [inf]  2026-09-15T12:52:27.853Z  INFO 1 --- [MeuStudio] [           main] o.f.core.internal.command.DbMigrate      : Schema "public" is up to date. No migration necessary.
2026-09-15T12:52:28.222887502Z [inf]  2026-09-15T12:52:27.964Z  INFO 1 --- [MeuStudio] [           main] org.hibernate.orm.jpa                    : HHH008540: Processing PersistenceUnitInfo [name: default]
2026-09-15T12:52:28.222892185Z [inf]  2026-09-15T12:52:28.020Z  INFO 1 --- [MeuStudio] [           main] org.hibernate.orm.core                   : HHH000001: Hibernate ORM core version 7.2.12.Final
2026-09-15T12:52:28.474223714Z [inf]  2026-09-15T12:52:28.438Z  INFO 1 --- [MeuStudio] [           main] o.s.o.j.p.SpringPersistenceUnitInfo      : No LoadTimeWeaver setup: ignoring JPA class transformer
2026-09-15T12:52:28.600932282Z [inf]  2026-09-15T12:52:28.598Z  INFO 1 --- [MeuStudio] [           main] org.hibernate.orm.connections.pooling    : HHH10001005: Database info:
2026-09-15T12:52:28.600936198Z [inf]  	Database JDBC URL [jdbc:postgresql://postgres.railway.internal:5432/railway]
2026-09-15T12:52:28.600939563Z [inf]  	Database driver: PostgreSQL JDBC Driver
2026-09-15T12:52:28.600942641Z [inf]  	Database dialect: PostgreSQLDialect
2026-09-15T12:52:28.600945766Z [inf]  	Database version: 18.6
2026-09-15T12:52:28.600948529Z [inf]  	Default catalog/schema: railway/public
2026-09-15T12:52:28.600951186Z [inf]  	Autocommit mode: undefined/unknown
2026-09-15T12:52:28.600954340Z [inf]  	Isolation level: READ_COMMITTED [default READ_COMMITTED]
2026-09-15T12:52:28.600957046Z [inf]  	JDBC fetch size: none
2026-09-15T12:52:28.600959949Z [inf]  	Pool: DataSourceConnectionProvider
2026-09-15T12:52:28.600962606Z [inf]  	Minimum pool size: undefined/unknown
2026-09-15T12:52:28.600965728Z [inf]  	Maximum pool size: undefined/unknown
2026-09-15T12:52:29.281549962Z [inf]  2026-09-15T12:52:29.276Z  INFO 1 --- [MeuStudio] [           main] org.hibernate.orm.core                   : HHH000489: No JTA platform available (set 'hibernate.transaction.jta.platform' to enable JTA platform integration)
2026-09-15T12:52:29.324563557Z [inf]  2026-09-15T12:52:29.319Z  INFO 1 --- [MeuStudio] [           main] j.LocalContainerEntityManagerFactoryBean : Initialized JPA EntityManagerFactory for persistence unit 'default'
2026-09-15T12:52:29.396470118Z [inf]  2026-09-15T12:52:29.389Z  INFO 1 --- [MeuStudio] [           main] o.s.d.j.r.query.QueryEnhancerFactories   : Hibernate is in classpath; If applicable, HQL parser will be used.
2026-09-15T12:52:30.281142777Z [inf]  2026-09-15T12:52:30.029Z  WARN 1 --- [MeuStudio] [           main] ConfigServletWebServerApplicationContext : Exception encountered during context initialization - cancelling refresh attempt: org.springframework.beans.factory.UnsatisfiedDependencyException: Error creating bean with name 'financeiroController' defined in URL [jar:nested:/app/target/MeuStudio-0.0.1-SNAPSHOT.jar/!BOOT-INF/classes/!/com/example/meustudio/financeiro/FinanceiroController.class]: Unsatisfied dependency expressed through constructor parameter 0: Error creating bean with name 'financeiroService' defined in URL [jar:nested:/app/target/MeuStudio-0.0.1-SNAPSHOT.jar/!BOOT-INF/classes/!/com/example/meustudio/financeiro/FinanceiroService.class]: Failed to instantiate [com.example.meustudio.financeiro.FinanceiroService]: No default constructor found
2026-09-15T12:52:30.281146193Z [inf]  2026-09-15T12:52:30.030Z  INFO 1 --- [MeuStudio] [           main] j.LocalContainerEntityManagerFactoryBean : Closing JPA EntityManagerFactory for persistence unit 'default'
2026-09-15T12:52:30.281150006Z [inf]  2026-09-15T12:52:30.032Z  INFO 1 --- [MeuStudio] [           main] com.zaxxer.hikari.HikariDataSource       : HikariPool-1 - Shutdown initiated...
2026-09-15T12:52:30.281153182Z [inf]  2026-09-15T12:52:30.044Z  INFO 1 --- [MeuStudio] [           main] com.zaxxer.hikari.HikariDataSource       : HikariPool-1 - Shutdown completed.
2026-09-15T12:52:30.281156630Z [inf]  2026-09-15T12:52:30.046Z  INFO 1 --- [MeuStudio] [           main] o.apache.catalina.core.StandardService   : Stopping service [Tomcat]
2026-09-15T12:52:30.281160319Z [inf]  2026-09-15T12:52:30.053Z  INFO 1 --- [MeuStudio] [           main] .s.b.a.l.ConditionEvaluationReportLogger : 
2026-09-15T12:52:30.281166012Z [inf]  
2026-09-15T12:52:30.281170204Z [inf]  Error starting ApplicationContext. To display the condition evaluation report re-run your application with 'debug' enabled.
2026-09-15T12:52:30.281173463Z [inf]  2026-09-15T12:52:30.063Z ERROR 1 --- [MeuStudio] [           main] o.s.boot.SpringApplication               : Application run failed
2026-09-15T12:52:30.282022900Z [inf]  
2026-09-15T12:52:30.282027982Z [inf]  org.springframework.beans.factory.UnsatisfiedDependencyException: Error creating bean with name 'financeiroController' defined in URL [jar:nested:/app/target/MeuStudio-0.0.1-SNAPSHOT.jar/!BOOT-INF/classes/!/com/example/meustudio/financeiro/FinanceiroController.class]: Unsatisfied dependency expressed through constructor parameter 0: Error creating bean with name 'financeiroService' defined in URL [jar:nested:/app/target/MeuStudio-0.0.1-SNAPSHOT.jar/!BOOT-INF/classes/!/com/example/meustudio/financeiro/FinanceiroService.class]: Failed to instantiate [com.example.meustudio.financeiro.FinanceiroService]: No default constructor found
2026-09-15T12:52:30.282031455Z [inf]  	at org.springframework.beans.factory.support.ConstructorResolver.createArgumentArray(ConstructorResolver.java:804) ~[spring-beans-7.0.7.jar!/:7.0.7]
2026-09-15T12:52:30.282034328Z [inf]  	at org.springframework.beans.factory.support.ConstructorResolver.autowireConstructor(ConstructorResolver.java:240) ~[spring-beans-7.0.7.jar!/:7.0.7]
2026-09-15T12:52:30.282037099Z [inf]  	at org.springframework.beans.factory.support.AbstractAutowireCapableBeanFactory.autowireConstructor(AbstractAutowireCapableBeanFactory.java:1382) ~[spring-beans-7.0.7.jar!/:7.0.7]
2026-09-15T12:52:30.282040815Z [inf]  	at org.springframework.beans.factory.support.AbstractAutowireCapableBeanFactory.createBeanInstance(AbstractAutowireCapableBeanFactory.java:1221) ~[spring-beans-7.0.7.jar!/:7.0.7]
2026-09-15T12:52:30.282043530Z [inf]  	at org.springframework.beans.factory.support.AbstractAutowireCapableBeanFactory.doCreateBean(AbstractAutowireCapableBeanFactory.java:565) ~[spring-beans-7.0.7.jar!/:7.0.7]
2026-09-15T12:52:30.282046483Z [inf]  	at org.springframework.beans.factory.support.AbstractAutowireCapableBeanFactory.createBean(AbstractAutowireCapableBeanFactory.java:525) ~[spring-beans-7.0.7.jar!/:7.0.7]
2026-09-15T12:52:30.282049172Z [inf]  	at org.springframework.beans.factory.support.AbstractBeanFactory.lambda$doGetBean$0(AbstractBeanFactory.java:333) ~[spring-beans-7.0.7.jar!/:7.0.7]
2026-09-15T12:52:30.283582111Z [inf]  	at org.springframework.beans.factory.support.DefaultSingletonBeanRegistry.getSingleton(DefaultSingletonBeanRegistry.java:371) ~[spring-beans-7.0.7.jar!/:7.0.7]
2026-09-15T12:52:30.283588288Z [inf]  	at org.springframework.beans.factory.support.AbstractBeanFactory.doGetBean(AbstractBeanFactory.java:331) ~[spring-beans-7.0.7.jar!/:7.0.7]
2026-09-15T12:52:30.283592723Z [inf]  	at org.springframework.beans.factory.support.AbstractBeanFactory.getBean(AbstractBeanFactory.java:196) ~[spring-beans-7.0.7.jar!/:7.0.7]
2026-09-15T12:52:30.283597320Z [inf]  	at org.springframework.beans.factory.support.DefaultListableBeanFactory.instantiateSingleton(DefaultListableBeanFactory.java:1218) ~[spring-beans-7.0.7.jar!/:7.0.7]
2026-09-15T12:52:30.283600946Z [inf]  	at org.springframework.beans.factory.support.DefaultListableBeanFactory.preInstantiateSingleton(DefaultListableBeanFactory.java:1184) ~[spring-beans-7.0.7.jar!/:7.0.7]
2026-09-15T12:52:30.283605234Z [inf]  	at org.springframework.beans.factory.support.DefaultListableBeanFactory.preInstantiateSingletons(DefaultListableBeanFactory.java:1121) ~[spring-beans-7.0.7.jar!/:7.0.7]
2026-09-15T12:52:30.283608694Z [inf]  	at org.springframework.context.support.AbstractApplicationContext.finishBeanFactoryInitialization(AbstractApplicationContext.java:994) ~[spring-context-7.0.7.jar!/:7.0.7]
2026-09-15T12:52:30.283612284Z [inf]  	at org.springframework.context.support.AbstractApplicationContext.refresh(AbstractApplicationContext.java:621) ~[spring-context-7.0.7.jar!/:7.0.7]
2026-09-15T12:52:30.283616030Z [inf]  	at org.springframework.boot.web.server.servlet.context.ServletWebServerApplicationContext.refresh(ServletWebServerApplicationContext.java:143) ~[spring-boot-web-server-4.0.6.jar!/:4.0.6]
2026-09-15T12:52:30.283619954Z [inf]  	at org.springframework.boot.SpringApplication.refresh(SpringApplication.java:756) ~[spring-boot-4.0.6.jar!/:4.0.6]
2026-09-15T12:52:30.283623355Z [inf]  	at org.springframework.boot.SpringApplication.refreshContext(SpringApplication.java:445) ~[spring-boot-4.0.6.jar!/:4.0.6]
2026-09-15T12:52:30.284771355Z [inf]  	at org.springframework.boot.SpringApplication.run(SpringApplication.java:321) ~[spring-boot-4.0.6.jar!/:4.0.6]
2026-09-15T12:52:30.284775481Z [inf]  	at org.springframework.boot.SpringApplication.run(SpringApplication.java:1365) ~[spring-boot-4.0.6.jar!/:4.0.6]
2026-09-15T12:52:30.284779142Z [inf]  	at org.springframework.boot.SpringApplication.run(SpringApplication.java:1354) ~[spring-boot-4.0.6.jar!/:4.0.6]
2026-09-15T12:52:30.284782284Z [inf]  	at com.example.meustudio.MeuStudioApplication.main(MeuStudioApplication.java:14) ~[!/:0.0.1-SNAPSHOT]
2026-09-15T12:52:30.284785298Z [inf]  	at java.base/jdk.internal.reflect.DirectMethodHandleAccessor.invoke(DirectMethodHandleAccessor.java:104) ~[na:na]
2026-09-15T12:52:30.284788415Z [inf]  	at java.base/java.lang.reflect.Method.invoke(Method.java:565) ~[na:na]
2026-09-15T12:52:30.284791269Z [inf]  	at org.springframework.boot.loader.launch.Launcher.launch(Launcher.java:106) ~[MeuStudio-0.0.1-SNAPSHOT.jar:0.0.1-SNAPSHOT]
2026-09-15T12:52:30.284794447Z [inf]  	at org.springframework.boot.loader.launch.Launcher.launch(Launcher.java:64) ~[MeuStudio-0.0.1-SNAPSHOT.jar:0.0.1-SNAPSHOT]
2026-09-15T12:52:30.284797409Z [inf]  	at org.springframework.boot.loader.launch.JarLauncher.main(JarLauncher.java:40) ~[MeuStudio-0.0.1-SNAPSHOT.jar:0.0.1-SNAPSHOT]
2026-09-15T12:52:30.284800207Z [inf]  Caused by: org.springframework.beans.factory.BeanCreationException: Error creating bean with name 'financeiroService' defined in URL [jar:nested:/app/target/MeuStudio-0.0.1-SNAPSHOT.jar/!BOOT-INF/classes/!/com/example/meustudio/financeiro/FinanceiroService.class]: Failed to instantiate [com.example.meustudio.financeiro.FinanceiroService]: No default constructor found
2026-09-15T12:52:30.284803646Z [inf]  	at org.springframework.beans.factory.support.AbstractAutowireCapableBeanFactory.instantiateBean(AbstractAutowireCapableBeanFactory.java:1344) ~[spring-beans-7.0.7.jar!/:7.0.7]
2026-09-15T12:52:30.284806571Z [inf]  	at org.springframework.beans.factory.support.AbstractAutowireCapableBeanFactory.createBeanInstance(AbstractAutowireCapableBeanFactory.java:1231) ~[spring-beans-7.0.7.jar!/:7.0.7]
2026-09-15T12:52:30.286205251Z [inf]  	at org.springframework.beans.factory.support.AbstractAutowireCapableBeanFactory.doCreateBean(AbstractAutowireCapableBeanFactory.java:565) ~[spring-beans-7.0.7.jar!/:7.0.7]
2026-09-15T12:52:30.286211984Z [inf]  	at org.springframework.beans.factory.support.AbstractAutowireCapableBeanFactory.createBean(AbstractAutowireCapableBeanFactory.java:525) ~[spring-beans-7.0.7.jar!/:7.0.7]
2026-09-15T12:52:30.286217098Z [inf]  	at org.springframework.beans.factory.support.AbstractBeanFactory.lambda$doGetBean$0(AbstractBeanFactory.java:333) ~[spring-beans-7.0.7.jar!/:7.0.7]
2026-09-15T12:52:30.286220918Z [inf]  	at org.springframework.beans.factory.support.DefaultSingletonBeanRegistry.getSingleton(DefaultSingletonBeanRegistry.java:371) ~[spring-beans-7.0.7.jar!/:7.0.7]
2026-09-15T12:52:30.286224847Z [inf]  	at org.springframework.beans.factory.support.AbstractBeanFactory.doGetBean(AbstractBeanFactory.java:331) ~[spring-beans-7.0.7.jar!/:7.0.7]
2026-09-15T12:52:30.286230135Z [inf]  	at org.springframework.beans.factory.support.AbstractBeanFactory.getBean(AbstractBeanFactory.java:201) ~[spring-beans-7.0.7.jar!/:7.0.7]
2026-09-15T12:52:30.286235743Z [inf]  	at org.springframework.beans.factory.support.DefaultListableBeanFactory.resolveBean(DefaultListableBeanFactory.java:1225) ~[spring-beans-7.0.7.jar!/:7.0.7]
2026-09-15T12:52:30.286241101Z [inf]  	at org.springframework.beans.factory.support.DefaultListableBeanFactory.doResolveDependency(DefaultListableBeanFactory.java:1704) ~[spring-beans-7.0.7.jar!/:7.0.7]
2026-09-15T12:52:30.286244778Z [inf]  	at org.springframework.beans.factory.support.DefaultListableBeanFactory.resolveDependency(DefaultListableBeanFactory.java:1651) ~[spring-beans-7.0.7.jar!/:7.0.7]
2026-09-15T12:52:30.286248829Z [inf]  	at org.springframework.beans.factory.support.ConstructorResolver.resolveAutowiredArgument(ConstructorResolver.java:912) ~[spring-beans-7.0.7.jar!/:7.0.7]
2026-09-15T12:52:30.286252419Z [inf]  	at org.springframework.beans.factory.support.ConstructorResolver.createArgumentArray(ConstructorResolver.java:791) ~[spring-beans-7.0.7.jar!/:7.0.7]
2026-09-15T12:52:30.287498947Z [inf]  	... 26 common frames omitted
2026-09-15T12:52:30.287505445Z [inf]  Caused by: org.springframework.beans.BeanInstantiationException: Failed to instantiate [com.example.meustudio.financeiro.FinanceiroService]: No default constructor found
2026-09-15T12:52:30.287509131Z [inf]  	at org.springframework.beans.factory.support.SimpleInstantiationStrategy.instantiate(SimpleInstantiationStrategy.java:102) ~[spring-beans-7.0.7.jar!/:7.0.7]
2026-09-15T12:52:30.287514233Z [inf]  	at org.springframework.beans.factory.support.AbstractAutowireCapableBeanFactory.instantiateBean(AbstractAutowireCapableBeanFactory.java:1338) ~[spring-beans-7.0.7.jar!/:7.0.7]
2026-09-15T12:52:30.287517283Z [inf]  	... 38 common frames omitted
2026-09-15T12:52:30.287520141Z [inf]  Caused by: java.lang.NoSuchMethodException: com.example.meustudio.financeiro.FinanceiroService.<init>()
2026-09-15T12:52:30.287524691Z [inf]  	at java.base/java.lang.Class.getConstructor0(Class.java:3187) ~[na:na]
2026-09-15T12:52:30.287527940Z [inf]  	at java.base/java.lang.Class.getDeclaredConstructor(Class.java:2491) ~[na:na]
2026-09-15T12:52:30.287531688Z [inf]  	at org.springframework.beans.factory.support.SimpleInstantiationStrategy.instantiate(SimpleInstantiationStrategy.java:98) ~[spring-beans-7.0.7.jar!/:7.0.7]
2026-09-15T12:52:30.287534731Z [inf]  	... 39 common frames omitted
2026-09-15T12:52:30.287538966Z [inf]  
2026-09-15T12:52:31.790759835Z [inf]  
2026-09-15T12:52:31.790765969Z [inf]    .   ____          _            __ _ _
2026-09-15T12:52:31.790771878Z [inf]   /\\ / ___'_ __ _ _(_)_ __  __ _ \ \ \ \
2026-09-15T12:52:31.790776364Z [inf]  ( ( )\___ | '_ | '_| | '_ \/ _` | \ \ \ \
2026-09-15T12:52:31.790780868Z [inf]   \\/  ___)| |_)| | | | | || (_| |  ) ) ) )
2026-09-15T12:52:31.790785174Z [inf]    '  |____| .__|_| |_|_| |_\__, | / / / /
2026-09-15T12:52:31.790789397Z [inf]   =========|_|==============|___/=/_/_/_/
2026-09-15T12:52:31.790793316Z [inf]  
2026-09-15T12:52:31.790797093Z [inf]   :: Spring Boot ::                (v4.0.6)
2026-09-15T12:52:31.790800598Z [inf]  
2026-09-15T12:52:31.821252951Z [inf]  2026-09-15T12:52:31.779Z  INFO 1 --- [MeuStudio] [           main] c.e.meustudio.MeuStudioApplication       : Starting MeuStudioApplication v0.0.1-SNAPSHOT using Java 25.0.2 with PID 1 (/app/target/MeuStudio-0.0.1-SNAPSHOT.jar started by root in /app)
2026-09-15T12:52:31.821263144Z [inf]  2026-09-15T12:52:31.819Z  INFO 1 --- [MeuStudio] [           main] c.e.meustudio.MeuStudioApplication       : No active profile set, falling back to 1 default profile: "default"
2026-09-15T12:52:32.831798699Z [inf]  2026-09-15T12:52:32.804Z  INFO 1 --- [MeuStudio] [           main] .s.d.r.c.RepositoryConfigurationDelegate : Bootstrapping Spring Data JPA repositories in DEFAULT mode.
2026-09-15T12:52:32.874947229Z [inf]  2026-09-15T12:52:32.864Z  INFO 1 --- [MeuStudio] [           main] .s.d.r.c.RepositoryConfigurationDelegate : Finished Spring Data repository scanning in 39 ms. Found 4 JPA repository interfaces.
2026-09-15T12:52:33.432509696Z [inf]  2026-09-15T12:52:33.431Z  INFO 1 --- [MeuStudio] [           main] o.s.boot.tomcat.TomcatWebServer          : Tomcat initialized with port 8080 (http)
2026-09-15T12:52:33.443587975Z [inf]  2026-09-15T12:52:33.442Z  INFO 1 --- [MeuStudio] [           main] o.apache.catalina.core.StandardService   : Starting service [Tomcat]
2026-09-15T12:52:33.443591176Z [inf]  2026-09-15T12:52:33.442Z  INFO 1 --- [MeuStudio] [           main] o.apache.catalina.core.StandardEngine    : Starting Servlet engine: [Apache Tomcat/11.0.21]
2026-09-15T12:52:33.471071642Z [inf]  2026-09-15T12:52:33.460Z  INFO 1 --- [MeuStudio] [           main] b.w.c.s.WebApplicationContextInitializer : Root WebApplicationContext: initialization completed in 1601 ms
2026-09-15T12:52:33.973570485Z [inf]  2026-09-15T12:52:33.963Z  INFO 1 --- [MeuStudio] [           main] com.zaxxer.hikari.HikariDataSource       : HikariPool-1 - Starting...
2026-09-15T12:52:34.472314041Z [inf]  2026-09-15T12:52:34.303Z  INFO 1 --- [MeuStudio] [           main] com.zaxxer.hikari.pool.HikariPool        : HikariPool-1 - Added connection org.postgresql.jdbc.PgConnection@4a4b288a
2026-09-15T12:52:34.472317538Z [inf]  2026-09-15T12:52:34.304Z  INFO 1 --- [MeuStudio] [           main] com.zaxxer.hikari.HikariDataSource       : HikariPool-1 - Start completed.
2026-09-15T12:52:34.472320615Z [inf]  2026-09-15T12:52:34.333Z  INFO 1 --- [MeuStudio] [           main] org.flywaydb.core.FlywayExecutor         : Database: jdbc:postgresql://postgres.railway.internal:5432/railway (PostgreSQL 18.6)
2026-09-15T12:52:34.472324065Z [inf]  2026-09-15T12:52:34.396Z  INFO 1 --- [MeuStudio] [           main] o.f.core.internal.command.DbValidate     : Successfully validated 10 migrations (execution time 00:00.029s)
2026-09-15T12:52:34.472327265Z [inf]  2026-09-15T12:52:34.454Z  INFO 1 --- [MeuStudio] [           main] o.f.core.internal.command.DbMigrate      : Current version of schema "public": 10
2026-09-15T12:52:34.472330285Z [inf]  2026-09-15T12:52:34.458Z  INFO 1 --- [MeuStudio] [           main] o.f.core.internal.command.DbMigrate      : Schema "public" is up to date. No migration necessary.
2026-09-15T12:52:34.561718834Z [inf]  2026-09-15T12:52:34.554Z  INFO 1 --- [MeuStudio] [           main] org.hibernate.orm.jpa                    : HHH008540: Processing PersistenceUnitInfo [name: default]
2026-09-15T12:52:34.626476362Z [inf]  2026-09-15T12:52:34.617Z  INFO 1 --- [MeuStudio] [           main] org.hibernate.orm.core                   : HHH000001: Hibernate ORM core version 7.2.12.Final
2026-09-15T12:52:35.054708608Z [inf]  2026-09-15T12:52:35.017Z  INFO 1 --- [MeuStudio] [           main] o.s.o.j.p.SpringPersistenceUnitInfo      : No LoadTimeWeaver setup: ignoring JPA class transformer
2026-09-15T12:52:35.448758710Z [inf]  2026-09-15T12:52:35.161Z  INFO 1 --- [MeuStudio] [           main] org.hibernate.orm.connections.pooling    : HHH10001005: Database info:
2026-09-15T12:52:35.448763693Z [inf]  	Database JDBC URL [jdbc:postgresql://postgres.railway.internal:5432/railway]
2026-09-15T12:52:35.448767758Z [inf]  	Database driver: PostgreSQL JDBC Driver
2026-09-15T12:52:35.448771698Z [inf]  	Database dialect: PostgreSQLDialect
2026-09-15T12:52:35.448775773Z [inf]  	Database version: 18.6
2026-09-15T12:52:35.448779560Z [inf]  	Default catalog/schema: railway/public
2026-09-15T12:52:35.448783379Z [inf]  	Autocommit mode: undefined/unknown
2026-09-15T12:52:35.448788442Z [inf]  	Isolation level: READ_COMMITTED [default READ_COMMITTED]
2026-09-15T12:52:35.448792350Z [inf]  	JDBC fetch size: none
2026-09-15T12:52:35.448796299Z [inf]  	Pool: DataSourceConnectionProvider
2026-09-15T12:52:35.448800057Z [inf]  	Minimum pool size: undefined/unknown
2026-09-15T12:52:35.448805388Z [inf]  	Maximum pool size: undefined/unknown
2026-09-15T12:52:35.853498703Z [inf]  2026-09-15T12:52:35.852Z  INFO 1 --- [MeuStudio] [           main] org.hibernate.orm.core                   : HHH000489: No JTA platform available (set 'hibernate.transaction.jta.platform' to enable JTA platform integration)
2026-09-15T12:52:35.890858869Z [inf]  2026-09-15T12:52:35.886Z  INFO 1 --- [MeuStudio] [           main] j.LocalContainerEntityManagerFactoryBean : Initialized JPA EntityManagerFactory for persistence unit 'default'
2026-09-15T12:52:35.959359667Z [inf]  2026-09-15T12:52:35.952Z  INFO 1 --- [MeuStudio] [           main] o.s.d.j.r.query.QueryEnhancerFactories   : Hibernate is in classpath; If applicable, HQL parser will be used.
2026-09-15T12:52:36.616718313Z [inf]  2026-09-15T12:52:36.589Z  WARN 1 --- [MeuStudio] [           main] ConfigServletWebServerApplicationContext : Exception encountered during context initialization - cancelling refresh attempt: org.springframework.beans.factory.UnsatisfiedDependencyException: Error creating bean with name 'financeiroController' defined in URL [jar:nested:/app/target/MeuStudio-0.0.1-SNAPSHOT.jar/!BOOT-INF/classes/!/com/example/meustudio/financeiro/FinanceiroController.class]: Unsatisfied dependency expressed through constructor parameter 0: Error creating bean with name 'financeiroService' defined in URL [jar:nested:/app/target/MeuStudio-0.0.1-SNAPSHOT.jar/!BOOT-INF/classes/!/com/example/meustudio/financeiro/FinanceiroService.class]: Failed to instantiate [com.example.meustudio.financeiro.FinanceiroService]: No default constructor found
2026-09-15T12:52:36.616721895Z [inf]  2026-09-15T12:52:36.589Z  INFO 1 --- [MeuStudio] [           main] j.LocalContainerEntityManagerFactoryBean : Closing JPA EntityManagerFactory for persistence unit 'default'
2026-09-15T12:52:36.616724781Z [inf]  2026-09-15T12:52:36.591Z  INFO 1 --- [MeuStudio] [           main] com.zaxxer.hikari.HikariDataSource       : HikariPool-1 - Shutdown initiated...
2026-09-15T12:52:36.616727618Z [inf]  2026-09-15T12:52:36.605Z  INFO 1 --- [MeuStudio] [           main] com.zaxxer.hikari.HikariDataSource       : HikariPool-1 - Shutdown completed.
2026-09-15T12:52:36.616730757Z [inf]  2026-09-15T12:52:36.608Z  INFO 1 --- [MeuStudio] [           main] o.apache.catalina.core.StandardService   : Stopping service [Tomcat]
2026-09-15T12:52:36.618482850Z [inf]  2026-09-15T12:52:36.615Z  INFO 1 --- [MeuStudio] [           main] .s.b.a.l.ConditionEvaluationReportLogger : 
2026-09-15T12:52:36.618486404Z [inf]  
2026-09-15T12:52:36.618489400Z [inf]  Error starting ApplicationContext. To display the condition evaluation report re-run your application with 'debug' enabled.
2026-09-15T12:52:36.632475536Z [inf]  2026-09-15T12:52:36.627Z ERROR 1 --- [MeuStudio] [           main] o.s.boot.SpringApplication               : Application run failed
2026-09-15T12:52:36.632481132Z [inf]  
2026-09-15T12:52:36.632485738Z [inf]  org.springframework.beans.factory.UnsatisfiedDependencyException: Error creating bean with name 'financeiroController' defined in URL [jar:nested:/app/target/MeuStudio-0.0.1-SNAPSHOT.jar/!BOOT-INF/classes/!/com/example/meustudio/financeiro/FinanceiroController.class]: Unsatisfied dependency expressed through constructor parameter 0: Error creating bean with name 'financeiroService' defined in URL [jar:nested:/app/target/MeuStudio-0.0.1-SNAPSHOT.jar/!BOOT-INF/classes/!/com/example/meustudio/financeiro/FinanceiroService.class]: Failed to instantiate [com.example.meustudio.financeiro.FinanceiroService]: No default constructor found
2026-09-15T12:52:36.632489124Z [inf]  	at org.springframework.beans.factory.support.ConstructorResolver.createArgumentArray(ConstructorResolver.java:804) ~[spring-beans-7.0.7.jar!/:7.0.7]
2026-09-15T12:52:36.632492602Z [inf]  	at org.springframework.beans.factory.support.ConstructorResolver.autowireConstructor(ConstructorResolver.java:240) ~[spring-beans-7.0.7.jar!/:7.0.7]
2026-09-15T12:52:36.632496432Z [inf]  	at org.springframework.beans.factory.support.AbstractAutowireCapableBeanFactory.autowireConstructor(AbstractAutowireCapableBeanFactory.java:1382) ~[spring-beans-7.0.7.jar!/:7.0.7]
2026-09-15T12:52:36.632499909Z [inf]  	at org.springframework.beans.factory.support.AbstractAutowireCapableBeanFactory.createBeanInstance(AbstractAutowireCapableBeanFactory.java:1221) ~[spring-beans-7.0.7.jar!/:7.0.7]
2026-09-15T12:52:36.632503483Z [inf]  	at org.springframework.beans.factory.support.AbstractAutowireCapableBeanFactory.doCreateBean(AbstractAutowireCapableBeanFactory.java:565) ~[spring-beans-7.0.7.jar!/:7.0.7]
2026-09-15T12:52:36.632506987Z [inf]  	at org.springframework.beans.factory.support.AbstractAutowireCapableBeanFactory.createBean(AbstractAutowireCapableBeanFactory.java:525) ~[spring-beans-7.0.7.jar!/:7.0.7]
2026-09-15T12:52:36.633912608Z [inf]  	at org.springframework.beans.factory.support.AbstractBeanFactory.lambda$doGetBean$0(AbstractBeanFactory.java:333) ~[spring-beans-7.0.7.jar!/:7.0.7]
2026-09-15T12:52:36.633920577Z [inf]  	at org.springframework.beans.factory.support.DefaultSingletonBeanRegistry.getSingleton(DefaultSingletonBeanRegistry.java:371) ~[spring-beans-7.0.7.jar!/:7.0.7]
2026-09-15T12:52:36.633926650Z [inf]  	at org.springframework.beans.factory.support.AbstractBeanFactory.doGetBean(AbstractBeanFactory.java:331) ~[spring-beans-7.0.7.jar!/:7.0.7]
2026-09-15T12:52:36.633931303Z [inf]  	at org.springframework.beans.factory.support.AbstractBeanFactory.getBean(AbstractBeanFactory.java:196) ~[spring-beans-7.0.7.jar!/:7.0.7]
2026-09-15T12:52:36.633935892Z [inf]  	at org.springframework.beans.factory.support.DefaultListableBeanFactory.instantiateSingleton(DefaultListableBeanFactory.java:1218) ~[spring-beans-7.0.7.jar!/:7.0.7]
2026-09-15T12:52:36.633941151Z [inf]  	at org.springframework.beans.factory.support.DefaultListableBeanFactory.preInstantiateSingleton(DefaultListableBeanFactory.java:1184) ~[spring-beans-7.0.7.jar!/:7.0.7]
2026-09-15T12:52:36.633945457Z [inf]  	at org.springframework.beans.factory.support.DefaultListableBeanFactory.preInstantiateSingletons(DefaultListableBeanFactory.java:1121) ~[spring-beans-7.0.7.jar!/:7.0.7]
2026-09-15T12:52:36.633949999Z [inf]  	at org.springframework.context.support.AbstractApplicationContext.finishBeanFactoryInitialization(AbstractApplicationContext.java:994) ~[spring-context-7.0.7.jar!/:7.0.7]
2026-09-15T12:52:36.633955418Z [inf]  	at org.springframework.context.support.AbstractApplicationContext.refresh(AbstractApplicationContext.java:621) ~[spring-context-7.0.7.jar!/:7.0.7]
2026-09-15T12:52:36.633960664Z [inf]  	at org.springframework.boot.web.server.servlet.context.ServletWebServerApplicationContext.refresh(ServletWebServerApplicationContext.java:143) ~[spring-boot-web-server-4.0.6.jar!/:4.0.6]
2026-09-15T12:52:36.633964290Z [inf]  	at org.springframework.boot.SpringApplication.refresh(SpringApplication.java:756) ~[spring-boot-4.0.6.jar!/:4.0.6]
2026-09-15T12:52:36.635312488Z [inf]  	at org.springframework.boot.SpringApplication.refreshContext(SpringApplication.java:445) ~[spring-boot-4.0.6.jar!/:4.0.6]
2026-09-15T12:52:36.635319231Z [inf]  	at org.springframework.boot.SpringApplication.run(SpringApplication.java:321) ~[spring-boot-4.0.6.jar!/:4.0.6]
2026-09-15T12:52:36.635322832Z [inf]  	at org.springframework.boot.SpringApplication.run(SpringApplication.java:1365) ~[spring-boot-4.0.6.jar!/:4.0.6]
2026-09-15T12:52:36.635325821Z [inf]  	at org.springframework.boot.SpringApplication.run(SpringApplication.java:1354) ~[spring-boot-4.0.6.jar!/:4.0.6]
2026-09-15T12:52:36.635329006Z [inf]  	at com.example.meustudio.MeuStudioApplication.main(MeuStudioApplication.java:14) ~[!/:0.0.1-SNAPSHOT]
2026-09-15T12:52:36.635333390Z [inf]  	at java.base/jdk.internal.reflect.DirectMethodHandleAccessor.invoke(DirectMethodHandleAccessor.java:104) ~[na:na]
2026-09-15T12:52:36.635337709Z [inf]  	at java.base/java.lang.reflect.Method.invoke(Method.java:565) ~[na:na]
2026-09-15T12:52:36.635340827Z [inf]  	at org.springframework.boot.loader.launch.Launcher.launch(Launcher.java:106) ~[MeuStudio-0.0.1-SNAPSHOT.jar:0.0.1-SNAPSHOT]
2026-09-15T12:52:36.635344247Z [inf]  	at org.springframework.boot.loader.launch.Launcher.launch(Launcher.java:64) ~[MeuStudio-0.0.1-SNAPSHOT.jar:0.0.1-SNAPSHOT]
2026-09-15T12:52:36.635347978Z [inf]  	at org.springframework.boot.loader.launch.JarLauncher.main(JarLauncher.java:40) ~[MeuStudio-0.0.1-SNAPSHOT.jar:0.0.1-SNAPSHOT]
2026-09-15T12:52:36.635351810Z [inf]  Caused by: org.springframework.beans.factory.BeanCreationException: Error creating bean with name 'financeiroService' defined in URL [jar:nested:/app/target/MeuStudio-0.0.1-SNAPSHOT.jar/!BOOT-INF/classes/!/com/example/meustudio/financeiro/FinanceiroService.class]: Failed to instantiate [com.example.meustudio.financeiro.FinanceiroService]: No default constructor found
2026-09-15T12:52:36.635355095Z [inf]  	at org.springframework.beans.factory.support.AbstractAutowireCapableBeanFactory.instantiateBean(AbstractAutowireCapableBeanFactory.java:1344) ~[spring-beans-7.0.7.jar!/:7.0.7]
2026-09-15T12:52:36.637117460Z [inf]  	at org.springframework.beans.factory.support.AbstractAutowireCapableBeanFactory.createBeanInstance(AbstractAutowireCapableBeanFactory.java:1231) ~[spring-beans-7.0.7.jar!/:7.0.7]
2026-09-15T12:52:36.637124536Z [inf]  	at org.springframework.beans.factory.support.AbstractAutowireCapableBeanFactory.doCreateBean(AbstractAutowireCapableBeanFactory.java:565) ~[spring-beans-7.0.7.jar!/:7.0.7]
2026-09-15T12:52:36.637132737Z [inf]  	at org.springframework.beans.factory.support.AbstractAutowireCapableBeanFactory.createBean(AbstractAutowireCapableBeanFactory.java:525) ~[spring-beans-7.0.7.jar!/:7.0.7]
2026-09-15T12:52:36.637136481Z [inf]  	at org.springframework.beans.factory.support.AbstractBeanFactory.lambda$doGetBean$0(AbstractBeanFactory.java:333) ~[spring-beans-7.0.7.jar!/:7.0.7]
2026-09-15T12:52:36.637140954Z [inf]  	at org.springframework.beans.factory.support.DefaultSingletonBeanRegistry.getSingleton(DefaultSingletonBeanRegistry.java:371) ~[spring-beans-7.0.7.jar!/:7.0.7]
2026-09-15T12:52:36.637145240Z [inf]  	at org.springframework.beans.factory.support.AbstractBeanFactory.doGetBean(AbstractBeanFactory.java:331) ~[spring-beans-7.0.7.jar!/:7.0.7]
2026-09-15T12:52:36.637148674Z [inf]  	at org.springframework.beans.factory.support.AbstractBeanFactory.getBean(AbstractBeanFactory.java:201) ~[spring-beans-7.0.7.jar!/:7.0.7]
2026-09-15T12:52:36.637151765Z [inf]  	at org.springframework.beans.factory.support.DefaultListableBeanFactory.resolveBean(DefaultListableBeanFactory.java:1225) ~[spring-beans-7.0.7.jar!/:7.0.7]
2026-09-15T12:52:36.637154654Z [inf]  	at org.springframework.beans.factory.support.DefaultListableBeanFactory.doResolveDependency(DefaultListableBeanFactory.java:1704) ~[spring-beans-7.0.7.jar!/:7.0.7]
2026-09-15T12:52:36.637159420Z [inf]  	at org.springframework.beans.factory.support.DefaultListableBeanFactory.resolveDependency(DefaultListableBeanFactory.java:1651) ~[spring-beans-7.0.7.jar!/:7.0.7]
2026-09-15T12:52:36.637163174Z [inf]  	at org.springframework.beans.factory.support.ConstructorResolver.resolveAutowiredArgument(ConstructorResolver.java:912) ~[spring-beans-7.0.7.jar!/:7.0.7]
2026-09-15T12:52:36.638485325Z [inf]  	at org.springframework.beans.factory.support.ConstructorResolver.createArgumentArray(ConstructorResolver.java:791) ~[spring-beans-7.0.7.jar!/:7.0.7]
2026-09-15T12:52:36.638490515Z [inf]  	... 26 common frames omitted
2026-09-15T12:52:36.638495166Z [inf]  Caused by: org.springframework.beans.BeanInstantiationException: Failed to instantiate [com.example.meustudio.financeiro.FinanceiroService]: No default constructor found
2026-09-15T12:52:36.638498925Z [inf]  	at org.springframework.beans.factory.support.SimpleInstantiationStrategy.instantiate(SimpleInstantiationStrategy.java:102) ~[spring-beans-7.0.7.jar!/:7.0.7]
2026-09-15T12:52:36.638502421Z [inf]  	at org.springframework.beans.factory.support.AbstractAutowireCapableBeanFactory.instantiateBean(AbstractAutowireCapableBeanFactory.java:1338) ~[spring-beans-7.0.7.jar!/:7.0.7]
2026-09-15T12:52:36.638505789Z [inf]  	... 38 common frames omitted
2026-09-15T12:52:36.638509142Z [inf]  Caused by: java.lang.NoSuchMethodException: com.example.meustudio.financeiro.FinanceiroService.<init>()
2026-09-15T12:52:36.638512002Z [inf]  	at java.base/java.lang.Class.getConstructor0(Class.java:3187) ~[na:na]
2026-09-15T12:52:36.638514584Z [inf]  	at java.base/java.lang.Class.getDeclaredConstructor(Class.java:2491) ~[na:na]
2026-09-15T12:52:36.638517404Z [inf]  	at org.springframework.beans.factory.support.SimpleInstantiationStrategy.instantiate(SimpleInstantiationStrategy.java:98) ~[spring-beans-7.0.7.jar!/:7.0.7]
2026-09-15T12:52:36.638520191Z [inf]  	... 39 common frames omitted
2026-09-15T12:52:36.638523071Z [inf]  